businessId,value,currency,notes,updatedAt
10000000-0000-0000-0000-000000000000,100,PLN,note1,2024-01-02T00:00:00.001Z
20000000-0000-0000-0000-000000000000,200,CHF,note2,2024-01-02T00:00:00.001Z
30000000-0000-0000-0000-000000000000,300,EUR,note3,2024-01-02T00:00:00.001Z
40000000-0000-0000-0000-000000000000,400,BGN,note4,2024-01-02T00:00:00.001Z
50000000-0000-0000-0000-000000000000,400,BGN,note4,2024-01-02T00:00:00.001Z
EAF5F69D-3B4B-4204-CFD2-055C04791D80,101,PLN,note2,2024-01-01T00:00:00.001Z
A5393EA1-C352-29F1-B306-730518DD23A8,201,CHF,note3,2024-01-01T00:00:00.001Z
C847B222-C3EC-045F-8C39-CBB8DC48E089,301,EUR,note4,2024-01-01T00:00:00.001Z
6B4ACEC4-950D-3927-2083-A1A4C92F9996,401,BGN,note5,2024-01-01T00:00:00.001Z
7320EABA-8651-AC77-29D6-D852393C8CF0,401,BGN,note5,2024-01-01T00:00:00.001Z
DA3A48E8-BB1F-F340-6CB6-EBAE02E64F30,102,PLN,note3,2024-01-01T00:00:00.001Z
896B474E-EB7F-7124-A771-0A29CCC3B3C6,202,CHF,note4,2024-01-01T00:00:00.001Z
BA15112E-93FC-ED67-48C7-665D9AD65FE3,302,EUR,note5,2024-01-01T00:00:00.001Z
54F14989-5CD6-A727-5E6B-9B7441DF7608,402,BGN,note6,2024-01-01T00:00:00.001Z
F48D922A-EBAC-E6E6-6212-28F32EB47E2F,402,BGN,note6,2024-01-01T00:00:00.001Z
F30358C0-37F2-D36A-5E89-744D5F897DAA,103,PLN,note4,2024-01-01T00:00:00.001Z
0777119B-75D0-8CD8-B600-00A0DF36B3D6,203,CHF,note5,2024-01-01T00:00:00.001Z
016BC64C-5E1B-3032-E3EF-CB1E30F26588,303,EUR,note6,2024-01-01T00:00:00.001Z
CE1B2ABA-5631-15A0-05AA-20233F887FE1,403,BGN,note7,2024-01-01T00:00:00.001Z
250CB3C0-BBE7-B05B-3CA8-437B8D7F92AD,403,BGN,note7,2024-01-01T00:00:00.001Z
869A5F03-E120-409F-1D65-CDC43AED8747,104,PLN,note5,2024-01-01T00:00:00.001Z
0B1B83A4-A1F3-9ED2-75E8-8F66C52CE71B,204,PLN,note2,2024-01-01T00:00:00.001Z
6B7967C4-001F-0627-E36F-21B78D656F4A,304,CHF,note3,2024-01-01T00:00:00.001Z
60406177-25C8-5384-AB0E-C19E912ADB10,404,EUR,note4,2024-01-01T00:00:00.001Z
A583C3E8-1E0B-58CF-4C72-B73FA8D8332C,404,BGN,note5,2024-01-01T00:00:00.001Z
F5CD0C8F-A9C7-7B5B-465C-96A9F4A88BB9,105,BGN,note5,2024-01-01T00:00:00.001Z
F7A7514D-F8EC-A0D1-6632-D6F77CECCD4F,205,PLN,note3,2024-01-01T00:00:00.001Z
025DE678-3231-D746-D5EC-E66C97C35A9C,305,CHF,note4,2024-01-01T00:00:00.001Z
A981EC5C-DABA-9260-CF47-BDC48448A1DB,405,EUR,note5,2024-01-01T00:00:00.001Z
2F5025DA-0AC7-424E-1C41-856775926B62,405,BGN,note6,2024-01-01T00:00:00.001Z
AB5A3964-F0E8-62C8-E1EA-2CDAAE1BA3BA,106,BGN,note6,2024-01-01T00:00:00.001Z
68760168-6617-B962-48D2-EADA6955B231,206,PLN,note4,2024-01-01T00:00:00.001Z
FE9A981A-0B6C-14C6-022F-2E16E723D036,306,CHF,note5,2024-01-01T00:00:00.001Z
8B31D97C-30E2-4DEE-2788-1D826B15482C,406,EUR,note6,2024-01-01T00:00:00.001Z
8BFDFFD3-4B8A-3A72-6DA8-86F80A9419DE,406,BGN,note7,2024-01-01T00:00:00.001Z
0F540363-1C31-9A6E-2BD8-5EAE4214D1AC,107,BGN,note7,2024-01-01T00:00:00.001Z
8F36F329-8DA6-2CBD-5116-CFE1DE050520,207,PLN,note5,2024-01-01T00:00:00.001Z
89F5EFCB-0144-2D77-9DAB-D28E789B75FD,307,CHF,note6,2024-01-01T00:00:00.001Z
4E67CB89-560A-55B9-10F1-CC8920B85A1C,407,EUR,note7,2024-01-01T00:00:00.001Z
0BD73E10-C3E0-6E0C-E8EF-95F38F25BAEF,407,BGN,note8,2024-01-01T00:00:00.001Z
95DDF480-C694-CB24-0C4C-1E3E6BE93E28,108,BGN,note8,2024-01-01T00:00:00.001Z
35BADD60-E5DE-C0E3-8B51-8DD48816E787,208,PLN,note6,2024-01-01T00:00:00.001Z
547E5166-223C-E012-7DDF-4548728B68A9,308,PLN,note3,2024-01-01T00:00:00.001Z
CDBE6BB1-126B-1F12-DC12-BABE5F0B4FA1,408,CHF,note4,2024-01-01T00:00:00.001Z
AC5C77C7-7053-9795-DE9B-A2666410B4C5,408,EUR,note5,2024-01-01T00:00:00.001Z
F9578689-726A-8DCA-A0C9-C708DCB587CC,109,BGN,note6,2024-01-01T00:00:00.001Z
93419FC9-759C-550B-DC54-BD3482FBAF7F,209,BGN,note6,2024-01-01T00:00:00.001Z
F70763C4-FE2A-E4C5-57BA-4551BF24644B,309,PLN,note4,2024-01-01T00:00:00.001Z
E2EA16B3-43B0-0E42-A703-59BCBC265A11,409,CHF,note5,2024-01-01T00:00:00.001Z
27439F06-31B1-649E-003A-7CC5BDF9E189,409,EUR,note6,2024-01-01T00:00:00.001Z
4BF25EF5-A488-BCF2-5378-BC265A0BD1EF,110,BGN,note7,2024-01-01T00:00:00.001Z
258F1A67-C475-CF9A-3648-98A8B0A3EA96,210,BGN,note7,2024-01-01T00:00:00.001Z
5E87299B-D50B-BD58-AE19-C542D055E331,310,PLN,note5,2024-01-01T00:00:00.001Z
ECA638CB-68BA-E560-B084-C351964E1F33,410,CHF,note6,2024-01-01T00:00:00.001Z
13D1C51F-B31A-5705-1D1E-5D9D03A73850,410,EUR,note7,2024-01-01T00:00:00.001Z
C838094F-922E-86BE-0B3F-12AB7A76585B,111,BGN,note8,2024-01-01T00:00:00.001Z
50DF086B-B724-F73D-BA28-7F5108BED288,211,BGN,note8,2024-01-01T00:00:00.001Z
59F9A527-38A3-878C-C76D-9B4FE50EF7C8,311,PLN,note6,2024-01-01T00:00:00.001Z
381652F0-9CC5-DF04-9488-BCAD699B5AD6,411,CHF,note7,2024-01-01T00:00:00.001Z
0FA5FD92-08C7-B062-E7DF-D26EE0B8E4D4,411,EUR,note8,2024-01-01T00:00:00.001Z
3435CEC3-1BE2-A6CC-DC7F-A0E202E5D499,112,BGN,note9,2024-01-01T00:00:00.001Z
94B6959D-0C5E-70A3-46AD-0FEF00AB3D45,212,BGN,note9,2024-01-01T00:00:00.001Z
427E6740-DB72-72DB-78C1-94D7D3908DBB,312,PLN,note7,2024-01-01T00:00:00.001Z
257B8E6A-EDD4-0F27-FDCF-041612024B67,412,PLN,note4,2024-01-01T00:00:00.001Z
52EAF1BE-E81D-8841-E23C-95FA72574382,412,CHF,note5,2024-01-01T00:00:00.001Z
A0985759-4AF7-A631-B901-CE228595BE0F,113,EUR,note6,2024-01-01T00:00:00.001Z
422B9867-9072-40EE-0DF3-743473D28C90,213,BGN,note7,2024-01-01T00:00:00.001Z
529BA378-A19C-959A-38D7-A4134FD28F38,313,BGN,note7,2024-01-01T00:00:00.001Z
3600DC21-4659-0657-8C60-E569C71CE59E,413,PLN,note5,2024-01-01T00:00:00.001Z
0BF02F24-84F8-FC06-DA0E-C5CDFD1F90A2,413,CHF,note6,2024-01-01T00:00:00.001Z
7D7D4F49-B2AC-E9BB-26E8-4D86A45C2640,114,EUR,note7,2024-01-01T00:00:00.001Z
D3AFE264-6322-9B8E-3802-01317B0E2D41,214,BGN,note8,2024-01-01T00:00:00.001Z
D80A991E-4B42-6001-DF65-7308C8C43929,314,BGN,note8,2024-01-01T00:00:00.001Z
B6430E90-FB96-BC33-952A-82B61196D7F3,414,PLN,note6,2024-01-01T00:00:00.001Z
C350C9DF-9DE6-D507-4301-5DBEED079532,414,CHF,note7,2024-01-01T00:00:00.001Z
015804B5-D3DD-A4B0-C5C0-162A0FA5DF58,115,EUR,note8,2024-01-01T00:00:00.001Z
A20DDF26-2600-EF93-E113-E643CAB6E03B,215,BGN,note9,2024-01-01T00:00:00.001Z
72BAE4E0-78BF-103F-CA33-89D893F27532,315,BGN,note9,2024-01-01T00:00:00.001Z
67E1F86A-F324-D2D0-971F-F493C39A5D1F,415,PLN,note7,2024-01-01T00:00:00.001Z
17C5FA0F-7479-69BB-A9C1-9698732210DC,415,CHF,note8,2024-01-01T00:00:00.001Z
EA775283-62F7-889C-41F6-477DA89A2172,101,EUR,note9,2024-01-01T00:00:00.001Z
0DA0DA20-03C7-CA64-67D3-754A60A85491,201,BGN,note10,2024-01-01T00:00:00.001Z
CCC93ACC-0678-A00A-087C-4EB86699D5D7,301,BGN,note10,2024-01-01T00:00:00.001Z
57A09365-44A6-F681-C447-1F9E1154AD14,401,PLN,note8,2024-01-01T00:00:00.001Z
0A8D8FA7-024A-03B6-8141-07F1BDF6009B,401,PLN,note5,2024-01-01T00:00:00.001Z
A9C378E3-CEBA-ED93-39D7-E0BEC1905EC8,102,CHF,note6,2024-01-01T00:00:00.001Z
46ADD97C-7199-B056-0401-A62F1D938E0E,202,EUR,note7,2024-01-01T00:00:00.001Z
975BF51F-79D5-A796-DF85-17441647DB6D,302,BGN,note8,2024-01-01T00:00:00.001Z
4275777B-C20A-4506-0839-547C03CF47C9,402,BGN,note8,2024-01-01T00:00:00.001Z
DB217AF3-8B59-27E3-87B6-F5BADD4C377E,402,PLN,note6,2024-01-01T00:00:00.001Z
1E57A4F2-AC98-EF73-5CAB-D8D04FFE593E,103,CHF,note7,2024-01-01T00:00:00.001Z
4730AE1B-EC0C-80EB-B7C7-3E0E024CF287,203,EUR,note8,2024-01-01T00:00:00.001Z
B58EC877-501A-513B-5F06-0C8CD3FB0151,303,BGN,note9,2024-01-01T00:00:00.001Z
1D6B3BE3-B90D-F7A4-22BA-AB155F383E6A,403,BGN,note9,2024-01-01T00:00:00.001Z
D6FA9C43-C16B-3DDB-F1DC-9D8AAFA9B708,403,PLN,note7,2024-01-01T00:00:00.001Z
29287BB3-307A-2699-E512-E10A4E0B36F3,104,CHF,note8,2024-01-01T00:00:00.001Z
4AB03020-6DAF-C6E2-666C-C133ED7C77FE,204,EUR,note9,2024-01-01T00:00:00.001Z
015D7B43-08A0-3342-949A-37F27D7199D0,304,BGN,note10,2024-01-01T00:00:00.001Z
BCD9CCD8-130A-6533-9023-59399FC70011,404,BGN,note10,2024-01-01T00:00:00.001Z
67206CDA-CDEC-F1C7-35A8-EDBBD0B7A485,404,PLN,note8,2024-01-01T00:00:00.001Z
758A56F5-F716-E7D0-7902-65FAA0F381A3,105,CHF,note9,2024-01-01T00:00:00.001Z
13AEAF8D-AA7E-F3DA-E1B7-B3E530DF429A,205,EUR,note10,2024-01-01T00:00:00.001Z
F2733036-A24A-DE42-DB09-6D7D2DCB36CD,305,BGN,note11,2024-01-01T00:00:00.001Z
4F5B35B9-9437-59A1-C41A-3993554F0B24,405,BGN,note11,2024-01-01T00:00:00.001Z
EFF933B5-942F-8D09-60D6-18B0B57351A5,405,PLN,note9,2024-01-01T00:00:00.001Z
1A776D5E-A949-0EE0-FAD5-5771DFA5DA0E,106,PLN,note6,2024-01-01T00:00:00.001Z
4C97DCC0-F33E-D403-34F4-B536731012A4,206,CHF,note7,2024-01-01T00:00:00.001Z
22AE8CAC-2C68-756E-89FD-F5CAE4AEBE53,306,EUR,note8,2024-01-01T00:00:00.001Z
FC809E5B-4EE4-B1BC-88EE-74B32A288739,406,BGN,note9,2024-01-01T00:00:00.001Z
0924703D-E8E7-A43F-3B62-A7FCF1BA2B95,406,BGN,note9,2024-01-01T00:00:00.001Z
97DE1CB5-DD24-D08B-0E2A-ED92F7AFB93E,107,PLN,note7,2024-01-01T00:00:00.001Z
2E51ADED-A707-D9F4-0098-B4C7E4A6FFF6,207,CHF,note8,2024-01-01T00:00:00.001Z
2674C5EC-5E68-D11C-3B2C-2AEC560CB209,307,EUR,note9,2024-01-01T00:00:00.001Z
4298B9E2-0BB1-61B1-5AD8-B26F3801D365,407,BGN,note10,2024-01-01T00:00:00.001Z
F4BB0CD9-8C62-3486-C82E-39693D1A6809,407,BGN,note10,2024-01-01T00:00:00.001Z
CCADB5BF-BA7D-EA43-FFFE-15CD0D434884,108,PLN,note8,2024-01-01T00:00:00.001Z
D95D438B-9916-975B-FD9F-3CF6C5702F19,208,CHF,note9,2024-01-01T00:00:00.001Z
2D8E8F0D-2AC2-B294-1111-A9FBB956A7DC,308,EUR,note10,2024-01-01T00:00:00.001Z
D81A6076-5613-FA53-012B-02A359121108,408,BGN,note11,2024-01-01T00:00:00.001Z
19665081-8419-9111-D375-ECD56CC47842,408,BGN,note11,2024-01-01T00:00:00.001Z
AFB4E6F5-A0E4-00D8-4408-F2CD842D0F3B,109,PLN,note9,2024-01-01T00:00:00.001Z
E267B1A8-7BEB-B5B7-0BB2-C73E79C96B6A,209,CHF,note10,2024-01-01T00:00:00.001Z
F8367539-1CC3-A6A3-A8D7-1B9EF746A3E3,309,EUR,note11,2024-01-01T00:00:00.001Z
567DDBC6-0016-739A-CCA2-A712828DDCF1,409,BGN,note12,2024-01-01T00:00:00.001Z
E66D857D-017E-064E-4BD8-077A9F196D44,409,BGN,note12,2024-01-01T00:00:00.001Z
761C2164-849D-C1E7-606E-8449DA8319B8,110,PLN,note10,2024-01-01T00:00:00.001Z
600F9A41-EC53-97F9-4AD8-3F0EBAE1C428,210,PLN,note7,2024-01-01T00:00:00.001Z
B820576A-7365-B7CC-2804-76B447E9C15C,310,CHF,note8,2024-01-01T00:00:00.001Z
E7800B5C-56A0-4B64-0D61-515635525B98,410,EUR,note9,2024-01-01T00:00:00.001Z
BD5E5967-76F5-6D7F-8BA6-D9D5496F1454,410,BGN,note10,2024-01-01T00:00:00.001Z
A12652DE-A50E-3F76-6D06-EF0C9A32747B,111,BGN,note10,2024-01-01T00:00:00.001Z
170587A5-40A6-1410-AF0C-4F0DE5B6BD7B,211,PLN,note8,2024-01-01T00:00:00.001Z
FB7F5AE4-D06B-A41F-4EB8-54F722BCF6A7,311,CHF,note9,2024-01-01T00:00:00.001Z
69A5C5BB-73B2-FC0A-DBD8-02CEB112B310,411,EUR,note10,2024-01-01T00:00:00.001Z
04ACF233-D496-9B60-6E3D-E02384DF258C,411,BGN,note11,2024-01-01T00:00:00.001Z
29522E9D-89C2-AF6C-6ADB-C7399DE33925,112,BGN,note11,2024-01-01T00:00:00.001Z
05AC4500-C0FF-CB53-CCAB-67103024B46C,212,PLN,note9,2024-01-01T00:00:00.001Z
D0AF8E1F-6288-3F8C-BBD2-85A21F4FC9BD,312,CHF,note10,2024-01-01T00:00:00.001Z
9E297B87-7970-8180-4AE6-0E788CE1D32B,412,EUR,note11,2024-01-01T00:00:00.001Z
16C2AAB8-ADCA-A2E1-3766-22940369D4DA,412,BGN,note12,2024-01-01T00:00:00.001Z
51AF38D3-B549-BF21-55C2-7E521EA0450B,113,BGN,note12,2024-01-01T00:00:00.001Z
B4F3E449-17A0-9F00-6384-E3C982DCFB96,213,PLN,note10,2024-01-01T00:00:00.001Z
7100243F-D35D-EB20-797B-DB1E28BF342C,313,CHF,note11,2024-01-01T00:00:00.001Z
D1B93E49-09D3-B8C7-9804-8A5C46A93F59,413,EUR,note12,2024-01-01T00:00:00.001Z
4C6753C1-6649-8A42-ABCE-32B06308D3D4,413,BGN,note13,2024-01-01T00:00:00.001Z
330CCAE5-3523-1DB9-77EC-B49BC4A8DCC9,114,BGN,note13,2024-01-01T00:00:00.001Z
26491846-68BE-71CD-55BD-6748AEF77F48,214,PLN,note11,2024-01-01T00:00:00.001Z
EE0C6480-9D07-E7FE-FC1B-E10ED6A97E3B,314,PLN,note8,2024-01-01T00:00:00.001Z
B9DCD640-1A98-2134-A5DB-80D029E0025B,414,CHF,note9,2024-01-01T00:00:00.001Z
7052262C-F161-0302-DAFB-106FA9121054,414,EUR,note10,2024-01-01T00:00:00.001Z
54E11F87-F803-F7FB-704B-8491C28645E5,115,BGN,note11,2024-01-01T00:00:00.001Z
4A8F5197-6D10-1F5D-4289-B3DB5A2A152A,215,BGN,note11,2024-01-01T00:00:00.001Z
D944EFA7-A64C-78FC-7715-26F36191F449,315,PLN,note9,2024-01-01T00:00:00.001Z
2E0C398E-65AB-EE11-14D2-178CABC0948A,415,CHF,note10,2024-01-01T00:00:00.001Z
7B4F17B6-8583-33CE-390A-31A7E771FA7C,415,EUR,note11,2024-01-01T00:00:00.001Z
727CC814-F2DE-08B2-634E-E6C33F206121,116,BGN,note12,2024-01-01T00:00:00.001Z
53188B78-F212-C6D5-4140-5790E46E9141,216,BGN,note12,2024-01-01T00:00:00.001Z
B8B2BD0B-37C6-CEF7-B525-A73EF46DE2AB,316,PLN,note10,2024-01-01T00:00:00.001Z
ADAE1B39-301A-2269-A4E4-2CCC326BA242,416,CHF,note11,2024-01-01T00:00:00.001Z
84B9056A-03F1-9ADB-5E24-235779F393A9,416,EUR,note12,2024-01-01T00:00:00.001Z
45A0FA0A-D1D1-563D-45B3-5D1B31222115,102,BGN,note13,2024-01-01T00:00:00.001Z
618D971E-B969-3C8D-85B9-9FCB04887C0B,202,BGN,note13,2024-01-01T00:00:00.001Z
6F0D9F53-D021-9FF2-4A19-0495330AB45B,302,PLN,note11,2024-01-01T00:00:00.001Z
525BE8A5-455A-4F08-3601-4BA2D94EFCAB,402,CHF,note12,2024-01-01T00:00:00.001Z
720F2465-27CF-D54F-7C33-14C79FD157B0,402,EUR,note13,2024-01-01T00:00:00.001Z
EFF3B2F5-C35F-5BE6-C771-E9FFAFAC0149,103,BGN,note14,2024-01-01T00:00:00.001Z
BF3CBB75-E780-E4A9-D7B8-9DF59B70647C,203,BGN,note14,2024-01-01T00:00:00.001Z
7B328684-6EDE-778C-8B15-EC40ED0736CC,303,PLN,note12,2024-01-01T00:00:00.001Z
D31AD143-578F-59FF-649B-5CC700A6A652,403,PLN,note9,2024-01-01T00:00:00.001Z
0086D5C5-5CD3-25EC-4CEB-4D81547DB2A4,403,CHF,note10,2024-01-01T00:00:00.001Z
1160D488-527D-67E6-23C3-3AB825F199EE,104,EUR,note11,2024-01-01T00:00:00.001Z
F60420E8-A84D-2DCE-2113-33B741603B87,204,BGN,note12,2024-01-01T00:00:00.001Z
CB046B06-7E43-69B5-6116-EEAB323CF764,304,BGN,note12,2024-01-01T00:00:00.001Z
50B5DBBE-46EF-E0A5-3EA8-45DAFE826EE3,404,PLN,note10,2024-01-01T00:00:00.001Z
46CECBDF-8DAB-84C1-BAAA-B3D56E411260,404,CHF,note11,2024-01-01T00:00:00.001Z
C96BC8AB-1677-8457-9606-38A7AFCC0866,105,EUR,note12,2024-01-01T00:00:00.001Z
DCF29962-DBEF-CAA6-06F4-92738A4006F5,205,BGN,note13,2024-01-01T00:00:00.001Z
8B5BB148-835D-39DF-C035-05B3FE79CA36,305,BGN,note13,2024-01-01T00:00:00.001Z
28F6D0AE-01B5-5916-CE1A-383AE102CDCB,405,PLN,note11,2024-01-01T00:00:00.001Z
43E7D65B-AA35-80AB-E6C1-79B02B658F48,405,CHF,note12,2024-01-01T00:00:00.001Z
5284BC67-C68F-977C-71FA-0E20EBC1EE7A,106,EUR,note13,2024-01-01T00:00:00.001Z
E7129634-AECC-E61D-64C3-1901FA9A3E1A,206,BGN,note14,2024-01-01T00:00:00.001Z
D2D81662-DF8F-AEA6-642E-171E2FDD02CC,306,BGN,note14,2024-01-01T00:00:00.001Z
1D4D624A-BBEC-62DC-541F-B3F1A76C89ED,406,PLN,note12,2024-01-01T00:00:00.001Z
ADCCC539-6DB3-A693-63AC-4B99051F9C25,406,CHF,note13,2024-01-01T00:00:00.001Z
EEA88DA7-E35E-B33E-16DA-F0AAA025B046,107,EUR,note14,2024-01-01T00:00:00.001Z
6B157035-FF93-8396-15FF-5B405F89B7F4,207,BGN,note15,2024-01-01T00:00:00.001Z
E38BFA64-72F5-B761-CCDE-5B36274C3977,307,BGN,note15,2024-01-01T00:00:00.001Z
0791BEA0-2C2C-86C4-9154-0687EC49706C,407,PLN,note13,2024-01-01T00:00:00.001Z
3FF37FF6-B756-DE22-91A9-17C7F0DD7AE0,407,PLN,note10,2024-01-01T00:00:00.001Z
B1BC01F9-3DCF-1F2D-5002-D3027AD898CA,108,CHF,note11,2024-01-01T00:00:00.001Z
17B3FB32-2DCA-1CE5-59B2-683869D5E313,208,EUR,note12,2024-01-01T00:00:00.001Z
AF1CBF32-06C2-F82A-BD33-42C68E2A4514,308,BGN,note13,2024-01-01T00:00:00.001Z
84F74C00-FFA3-A6EE-E378-531113E14010,408,BGN,note13,2024-01-01T00:00:00.001Z
80213D65-19BC-2DD8-7862-DA9C7F5627EC,408,PLN,note11,2024-01-01T00:00:00.001Z
51161DD9-9F72-F416-8F7D-2B048FF371E7,109,CHF,note12,2024-01-01T00:00:00.001Z
A92508EB-1933-E5A5-B90E-F0E01D7A6615,209,EUR,note13,2024-01-01T00:00:00.001Z
CCF354B4-5E2B-5ADE-88D6-255F8880B939,309,BGN,note14,2024-01-01T00:00:00.001Z
A5DD9B83-128F-E9D9-ADD9-7420E9B5CCEF,409,BGN,note14,2024-01-01T00:00:00.001Z
AC5DE715-5CF0-F264-A2AD-F24E65E3069B,409,PLN,note12,2024-01-01T00:00:00.001Z
D98C6480-614A-7D61-9679-460D2A328D4D,110,CHF,note13,2024-01-01T00:00:00.001Z
3E6DA8DE-33AD-7203-ABB5-0AA26D3E2BEE,210,EUR,note14,2024-01-01T00:00:00.001Z
1E38E543-75F5-DEB5-C9FE-F94DA6625984,310,BGN,note15,2024-01-01T00:00:00.001Z
365B7C23-D58C-C2E4-3233-BE40255C2E86,410,BGN,note15,2024-01-01T00:00:00.001Z
E8C2A2D5-E7B0-EB9F-4CAE-ED246B07B082,410,PLN,note13,2024-01-01T00:00:00.001Z
092D7E24-4357-9112-18D8-96E6CFA29200,111,CHF,note14,2024-01-01T00:00:00.001Z
D86C2F9D-92E4-98CC-BA77-0D7D270C3DF7,211,EUR,note15,2024-01-01T00:00:00.001Z
4839FBC5-A12B-3CC8-7FB6-E8BC2BE38F4E,311,BGN,note16,2024-01-01T00:00:00.001Z
3B20CE38-B36D-FAC2-7401-93D6A44C06CC,411,BGN,note16,2024-01-01T00:00:00.001Z
6B7C1084-5866-EF17-1824-4473DAF283D1,411,PLN,note14,2024-01-01T00:00:00.001Z
3265EF96-1D3F-5A56-5AFD-1568D7D1676E,112,PLN,note11,2024-01-01T00:00:00.001Z
C5704CDC-35D6-0D83-88FF-8DD73065D33B,212,CHF,note12,2024-01-01T00:00:00.001Z
707A8FBD-2136-7EEC-3260-19F2B4C34A6C,312,EUR,note13,2024-01-01T00:00:00.001Z
FBF82FAF-23CB-931D-2063-4939BC559766,412,BGN,note14,2024-01-01T00:00:00.001Z
A0D38578-ED8B-60D7-DCB3-2A1DC6E0E1F9,412,BGN,note14,2024-01-01T00:00:00.001Z
86424241-E9F2-74D7-E706-18C970E93F85,113,PLN,note12,2024-01-01T00:00:00.001Z
F77B5C31-358C-3F64-07DA-EF501A349A54,213,CHF,note13,2024-01-01T00:00:00.001Z
966E5A55-3D03-D62C-14DE-A4BBF32EBE2F,313,EUR,note14,2024-01-01T00:00:00.001Z
B2023C74-F7A9-0961-4700-F3D003D2FCAC,413,BGN,note15,2024-01-01T00:00:00.001Z
789917A0-B70A-7F6C-415B-616B1DB2F756,413,BGN,note15,2024-01-01T00:00:00.001Z
B4B52AE1-BAEF-63D7-3748-869CAD740C32,114,PLN,note13,2024-01-01T00:00:00.001Z
A2E72AC2-D56E-A47F-B836-37C343D55888,214,CHF,note14,2024-01-01T00:00:00.001Z
CDF41CE7-C729-D741-1878-98E2D59FD7B7,314,EUR,note15,2024-01-01T00:00:00.001Z
39282E8E-580F-163A-D7F9-63F9646FCC2E,414,BGN,note16,2024-01-01T00:00:00.001Z
C515F405-AD49-B133-C3E0-AAA83FA3AD27,414,BGN,note16,2024-01-01T00:00:00.001Z
9BD415A4-1DAF-3F79-291B-C2DF498B71C5,115,PLN,note14,2024-01-01T00:00:00.001Z
7258CF43-ABEC-64A1-3A1C-2390CD162EBE,215,CHF,note15,2024-01-01T00:00:00.001Z
C773CA24-F543-1B35-E27C-F13C05C2BDB1,315,EUR,note16,2024-01-01T00:00:00.001Z
2C0FC19A-37D6-8406-24C3-D8BB84EA21CA,415,BGN,note17,2024-01-01T00:00:00.001Z
6776CFEA-E4FD-14DF-EC3B-30933CC67DE0,415,BGN,note17,2024-01-01T00:00:00.001Z
C6B11D3E-5479-7602-ED69-A39A15B5A1AE,116,PLN,note15,2024-01-01T00:00:00.001Z
8A5266E3-0CA2-D14B-A38B-175C4F5E61FD,216,PLN,note12,2024-01-01T00:00:00.001Z
FCBE7DD1-A64B-C6D3-70E9-8A7011448E77,316,CHF,note13,2024-01-01T00:00:00.001Z
D6919771-312C-3E52-92F1-B4409505D701,416,EUR,note14,2024-01-01T00:00:00.001Z
3C0FD6FD-2790-2CBD-E613-BD97A4ECA3CF,416,BGN,note15,2024-01-01T00:00:00.001Z
35155642-A7EC-F7BD-B882-A92CE9E3F4E7,117,BGN,note15,2024-01-01T00:00:00.001Z
A7A247B5-A496-F1A3-22A4-9EBC3E208F25,217,PLN,note13,2024-01-01T00:00:00.001Z
D15E5AAE-0921-DC5E-99FD-06C67A37B395,317,CHF,note14,2024-01-01T00:00:00.001Z
73A3F3F5-C805-F447-DC40-ABB3BDD48990,417,EUR,note15,2024-01-01T00:00:00.001Z
3581A194-2453-98E3-D715-4768D1570A3B,417,BGN,note16,2024-01-01T00:00:00.001Z
11336D49-D485-134F-DEBA-5B5F6597C6B4,103,BGN,note16,2024-01-01T00:00:00.001Z
9B2FE6FC-FBC4-E440-0B29-BDAE58CE1531,203,PLN,note14,2024-01-01T00:00:00.001Z
278B7A85-E684-C88E-44B9-B4800B6E1475,303,CHF,note15,2024-01-01T00:00:00.001Z
EA71A176-9971-C7FF-F4B7-8D7EDF7691F7,403,EUR,note16,2024-01-01T00:00:00.001Z
A13FD3C5-D9FA-D000-16B9-31EA3CCADBEB,403,BGN,note17,2024-01-01T00:00:00.001Z
AB5E6F09-5611-AE21-D8A2-F66D31713C35,104,BGN,note17,2024-01-01T00:00:00.001Z
108E5EF3-9C5E-0156-3DAF-F86442ADB7EE,204,PLN,note15,2024-01-01T00:00:00.001Z
AC406527-79E8-7E8D-725D-8227F1408487,304,CHF,note16,2024-01-01T00:00:00.001Z
B396E6CD-B027-00DC-6D28-B7C5D19439F5,404,EUR,note17,2024-01-01T00:00:00.001Z
60079248-3FC4-559E-A4FA-AD07F79988BC,404,BGN,note18,2024-01-01T00:00:00.001Z
3E354A4A-21C6-C06D-92D7-32415AD32ECF,105,BGN,note18,2024-01-01T00:00:00.001Z
55ED25FC-5A1F-D0DB-2DA8-0CE0C33F9A9B,205,PLN,note16,2024-01-01T00:00:00.001Z
F3DEC438-FB77-A737-562A-F7B694EE1198,305,PLN,note13,2024-01-01T00:00:00.001Z
6CE6C5DB-0737-DC96-55F9-C01C29C2ED24,405,CHF,note14,2024-01-01T00:00:00.001Z
3AAA6EB5-91C2-7B55-AB1A-0E1831D79F56,405,EUR,note15,2024-01-01T00:00:00.001Z
C22DFA7F-FE31-2494-1FF8-221DE1197A54,106,BGN,note16,2024-01-01T00:00:00.001Z
2157A54A-56E8-90B6-7BBA-6DB8B5B73236,206,BGN,note16,2024-01-01T00:00:00.001Z
BA648C44-C428-435F-FA14-88E44D712D11,306,PLN,note14,2024-01-01T00:00:00.001Z
62374937-F7A0-ED02-A44F-24D11C06F793,406,CHF,note15,2024-01-01T00:00:00.001Z
525B9299-837B-4410-659A-0027C44F92C0,406,EUR,note16,2024-01-01T00:00:00.001Z
DB86A847-8BD5-F934-68C9-F7393F7FC4C7,107,BGN,note17,2024-01-01T00:00:00.001Z
CD9030C2-4F8B-8ABD-C44B-3682B02945AD,207,BGN,note17,2024-01-01T00:00:00.001Z
1ADEB2E3-C763-9848-96A0-0420077B7605,307,PLN,note15,2024-01-01T00:00:00.001Z
D0F23D1E-E46C-1780-0F72-552CE6874863,407,CHF,note16,2024-01-01T00:00:00.001Z
20F19FF9-C1EE-FAD6-086B-6D6403955043,407,EUR,note17,2024-01-01T00:00:00.001Z
875EB30C-C3FD-4A28-A47B-4906B4D6918E,108,BGN,note18,2024-01-01T00:00:00.001Z
3E4F0005-4C1B-0DD2-300B-E37750C80968,208,BGN,note18,2024-01-01T00:00:00.001Z
D755DD70-2D26-F237-FE44-0C12A1822890,308,PLN,note16,2024-01-01T00:00:00.001Z
DC1F2BC5-FB74-09FD-2739-1EF4291FB016,408,CHF,note17,2024-01-01T00:00:00.001Z
1A411CD5-0328-2703-E103-AA2C81836D0D,408,EUR,note18,2024-01-01T00:00:00.001Z
B2F72C63-B06A-B913-9893-42FA08DE1F74,109,BGN,note19,2024-01-01T00:00:00.001Z
11BAACF7-5253-AC8F-B21C-82D5DBE5786A,209,BGN,note19,2024-01-01T00:00:00.001Z
9C045804-D46E-8780-50CE-565CF896D678,309,PLN,note17,2024-01-01T00:00:00.001Z
FA1C402C-2488-D37F-E4FB-3AA2444ACC79,409,PLN,note14,2024-01-01T00:00:00.001Z
6F861811-01B8-B195-6D6B-D2FC7C4682EC,409,CHF,note15,2024-01-01T00:00:00.001Z
572F9F4A-0988-E1BF-3FCF-73E52C9EF8F2,110,EUR,note16,2024-01-01T00:00:00.001Z
ED9DECB6-1012-3229-6799-D21741165B58,210,BGN,note17,2024-01-01T00:00:00.001Z
67B00A07-ED9B-F284-64C0-41D49F36D693,310,BGN,note17,2024-01-01T00:00:00.001Z
856F2F7D-5583-76D0-24DA-2CAE46A5180A,410,PLN,note15,2024-01-01T00:00:00.001Z
8D0A8928-934D-DBED-7102-EFA2DAEC5B3D,410,CHF,note16,2024-01-01T00:00:00.001Z
1A335680-711E-FECA-18DE-AF041327B5A1,111,EUR,note17,2024-01-01T00:00:00.001Z
69303131-7EF0-99A9-4584-E139124D52C8,211,BGN,note18,2024-01-01T00:00:00.001Z
77CE19F0-C7CC-7965-BCAF-FCC1DD922542,311,BGN,note18,2024-01-01T00:00:00.001Z
C0EB857F-3A42-6BD6-6B49-5BDF938AC87A,411,PLN,note16,2024-01-01T00:00:00.001Z
B68E4E02-DDC4-2E77-8B64-2AE47412FAF1,411,CHF,note17,2024-01-01T00:00:00.001Z
FD728D0B-C9D5-6268-DDDF-5F4C519AAEE1,112,EUR,note18,2024-01-01T00:00:00.001Z
AF747018-4A33-012B-1423-108B2304C048,212,BGN,note19,2024-01-01T00:00:00.001Z
900B8E91-57AE-0E48-8D9C-A42307155DCE,312,BGN,note19,2024-01-01T00:00:00.001Z
2C8C3C1E-6F02-CD3C-4F38-54B4785871F8,412,PLN,note17,2024-01-01T00:00:00.001Z
FC01236E-E0AD-9C84-6EDF-49E24E8018B9,412,CHF,note18,2024-01-01T00:00:00.001Z
007B8989-98E3-8914-FD2B-A0249807874C,113,EUR,note19,2024-01-01T00:00:00.001Z
432828AB-4E42-2E4C-88A7-E28C2377E8E6,213,BGN,note20,2024-01-01T00:00:00.001Z
494AC9B7-FAD7-C9D7-C9F4-60B1A4FAF2D1,313,BGN,note20,2024-01-01T00:00:00.001Z
89EDCF2A-FB82-6F3B-8419-875D4DCDD8D0,413,PLN,note18,2024-01-01T00:00:00.001Z
9A4544EE-B659-3BDE-C3C2-CF6D6C0D8AA3,413,PLN,note15,2024-01-01T00:00:00.001Z
5D67EE1D-C074-A9B6-D3CC-945CB913D6AA,114,CHF,note16,2024-01-01T00:00:00.001Z
28F9B9BC-3C39-D4F1-0B23-C2137D109D05,214,EUR,note17,2024-01-01T00:00:00.001Z
17E37FF3-2D7E-14E4-F9D5-DE9AE01991D5,314,BGN,note18,2024-01-01T00:00:00.001Z
DCD6A61D-FA69-8564-EF44-7B0224A158FC,414,BGN,note18,2024-01-01T00:00:00.001Z
8FEEFF87-8EA1-DD96-C3F4-1134505123D1,414,PLN,note16,2024-01-01T00:00:00.001Z
D0844D9C-6FFE-849F-B1D7-38C780CE851B,115,CHF,note17,2024-01-01T00:00:00.001Z
EC5921CF-6085-0C97-C019-4BF8F6CA3067,215,EUR,note18,2024-01-01T00:00:00.001Z
0566B07F-AF89-A0AB-2DBF-94CF748AACF3,315,BGN,note19,2024-01-01T00:00:00.001Z
B337165D-9E3F-1680-F265-2B388B0B7430,415,BGN,note19,2024-01-01T00:00:00.001Z
213DA164-12D5-3951-CA08-2B473113EA1D,415,PLN,note17,2024-01-01T00:00:00.001Z
BDB21C85-8F1E-A7C8-B916-BBC8AA77414C,116,CHF,note18,2024-01-01T00:00:00.001Z
E4D72BE4-622E-BE8D-26F4-221B70FFA52E,216,EUR,note19,2024-01-01T00:00:00.001Z
7C166966-372A-8C2C-FA18-DE9F97F17641,316,BGN,note20,2024-01-01T00:00:00.001Z
59CC925E-5036-60C0-7D7C-DD8E9BA22982,416,BGN,note20,2024-01-01T00:00:00.001Z
2B85A2BA-51DD-04B7-75DE-B908DB509B8B,416,PLN,note18,2024-01-01T00:00:00.001Z
64289D08-4787-6470-60BE-FDF13575D9F2,117,CHF,note19,2024-01-01T00:00:00.001Z
CB40EACC-DFF7-EFD3-CF95-6858AEA85DB1,217,EUR,note20,2024-01-01T00:00:00.001Z
13049DA2-E56E-2AB1-0AA8-B70568212791,317,BGN,note21,2024-01-01T00:00:00.001Z
D6BB1807-0626-3A03-4584-1BB9CA78E9C9,417,BGN,note21,2024-01-01T00:00:00.001Z
5B24D3F3-676A-7B80-BCA6-6F20677B3BA3,417,PLN,note19,2024-01-01T00:00:00.001Z
DD292514-11A0-6642-2C0A-3C0C72BF6475,118,PLN,note16,2024-01-01T00:00:00.001Z
2DCFF4C4-2385-9588-9235-87B11FB8024F,218,CHF,note17,2024-01-01T00:00:00.001Z
2A8D93AF-9E2B-EB80-14D9-338284F7C88B,318,EUR,note18,2024-01-01T00:00:00.001Z
E58863D6-68DB-6859-33EC-48012ED3383D,418,BGN,note19,2024-01-01T00:00:00.001Z
153A4572-718A-A71E-D751-46DAD92EF96C,418,BGN,note19,2024-01-01T00:00:00.001Z
6271D4D5-2280-5C6A-952B-6344ED94D42D,104,PLN,note17,2024-01-01T00:00:00.001Z
5648270E-9D34-CA44-EBEE-5B46A2208C6C,204,CHF,note18,2024-01-01T00:00:00.001Z
DCB8FEDA-E086-84B9-E2EA-F653389AD792,304,EUR,note19,2024-01-01T00:00:00.001Z
CDA307FA-7116-A1C0-F3CD-3BF2E16913F0,404,BGN,note20,2024-01-01T00:00:00.001Z
E8E748C4-BA4F-2F83-E147-6AFFE546DBCC,404,BGN,note20,2024-01-01T00:00:00.001Z
0442AA77-1B7B-063A-AE84-4291E38479A4,105,PLN,note18,2024-01-01T00:00:00.001Z
EBEC8907-F830-4444-A75B-FAA098B94567,205,CHF,note19,2024-01-01T00:00:00.001Z
036844E1-AE45-F127-2221-1BB02F54CDAD,305,EUR,note20,2024-01-01T00:00:00.001Z
3DF5E3DB-FBAA-7DAC-CBCE-9804DC9EF066,405,BGN,note21,2024-01-01T00:00:00.001Z
82BE98F0-3A91-C503-5DBD-C38DD26D09DC,405,BGN,note21,2024-01-01T00:00:00.001Z
775E7E43-ED25-3CA0-8819-3A1942707A08,106,PLN,note19,2024-01-01T00:00:00.001Z
D12267BA-0D39-FFF5-FA90-FF811CA8B3CC,206,CHF,note20,2024-01-01T00:00:00.001Z
C3415B78-6120-AE26-E801-CEB2E247C527,306,EUR,note21,2024-01-01T00:00:00.001Z
6C1FA26A-A488-3F4C-D97C-F4D2E83C8662,406,BGN,note22,2024-01-01T00:00:00.001Z
4FD0853E-6D9A-0086-C99C-8DB4A9DBBE77,406,BGN,note22,2024-01-01T00:00:00.001Z
A9B54954-346F-74DB-9DD1-E956A081998F,107,PLN,note20,2024-01-01T00:00:00.001Z
D64AB0CC-BD34-1660-6E2F-426C77158BAB,207,PLN,note17,2024-01-01T00:00:00.001Z
FE3DF1FF-E55E-EF67-A082-4B61260FF611,307,CHF,note18,2024-01-01T00:00:00.001Z
713F9A50-2D33-84A5-B60E-AF716227CDCC,407,EUR,note19,2024-01-01T00:00:00.001Z
7372D250-2231-2603-3278-E7D8035CA393,407,BGN,note20,2024-01-01T00:00:00.001Z
38D6372D-6592-7CA9-02EE-A661A1773E27,108,BGN,note20,2024-01-01T00:00:00.001Z
AE115887-DCB3-136B-D5C6-9BDA5807CC5F,208,PLN,note18,2024-01-01T00:00:00.001Z
A09C5578-10BF-1EC6-F268-72034947DDA3,308,CHF,note19,2024-01-01T00:00:00.001Z
0A4CF39D-2E11-BCDD-01BB-7A36B6B1280D,408,EUR,note20,2024-01-01T00:00:00.001Z
4D787A42-39E7-4CED-F5FA-340C7EB59081,408,BGN,note21,2024-01-01T00:00:00.001Z
32563455-9623-B7E0-7DC4-7838C0A7B5C9,109,BGN,note21,2024-01-01T00:00:00.001Z
B603F053-7023-A1AE-E063-E11A708BE8F1,209,PLN,note19,2024-01-01T00:00:00.001Z
03341A4F-D338-F8B2-FBE3-892FF4A1FC26,309,CHF,note20,2024-01-01T00:00:00.001Z
3B510372-BBA9-917D-9E46-E7A97B8E1628,409,EUR,note21,2024-01-01T00:00:00.001Z
85A09684-203E-A32D-EA01-CCC72E38CE72,409,BGN,note22,2024-01-01T00:00:00.001Z
526655B7-6C92-D788-3733-D10734958B9A,110,BGN,note22,2024-01-01T00:00:00.001Z
CB6CAE6B-070A-ED66-D3E3-DCEC4CC3EE7F,210,PLN,note20,2024-01-01T00:00:00.001Z
26DCBEF5-9967-E9FF-8B5F-BA91854495CC,310,CHF,note21,2024-01-01T00:00:00.001Z
8D6B967A-7FBF-0441-F422-D652180F1C1E,410,EUR,note22,2024-01-01T00:00:00.001Z
F27CEA3B-0FF7-A256-0303-1C27D9A0AA67,410,BGN,note23,2024-01-01T00:00:00.001Z
BDA1CB23-6013-9D38-9CF6-749B21CA217E,111,BGN,note23,2024-01-01T00:00:00.001Z
AA873D71-AAC4-E144-9916-1F95C41F352E,211,PLN,note21,2024-01-01T00:00:00.001Z
D44AF4C1-9FAF-8353-B3DE-D36B35E86628,311,PLN,note18,2024-01-01T00:00:00.001Z
18151EBF-E48E-15FD-0621-E936B40D4121,411,CHF,note19,2024-01-01T00:00:00.001Z
DAA90DF0-9548-8AAF-BC13-FC9EFFDFA017,411,EUR,note20,2024-01-01T00:00:00.001Z
2F1DAAA0-1455-28EC-E744-50ABAC21CD91,112,BGN,note21,2024-01-01T00:00:00.001Z
B968B67F-AF7A-4BEE-5167-406A9AAAB4C9,212,BGN,note21,2024-01-01T00:00:00.001Z
E9933626-F893-F6DE-092A-53A221B0B0EE,312,PLN,note19,2024-01-01T00:00:00.001Z
3628D8F1-D4DE-ED30-4827-6596C6433114,412,CHF,note20,2024-01-01T00:00:00.001Z
2FD16F40-B195-E40D-D6C5-70A8214A2106,412,EUR,note21,2024-01-01T00:00:00.001Z
8AAEA458-72CA-16EB-0B01-592ADF63CF3E,113,BGN,note22,2024-01-01T00:00:00.001Z
2865CA5E-C801-DEE2-8778-87F44D8A18ED,213,BGN,note22,2024-01-01T00:00:00.001Z
96BD9921-2580-26C3-0545-752D533728DB,313,PLN,note20,2024-01-01T00:00:00.001Z
E5956994-F300-7246-A075-082B6F9B5858,413,CHF,note21,2024-01-01T00:00:00.001Z
75673086-F8B5-2F64-8E41-2C7EB98626B9,413,EUR,note22,2024-01-01T00:00:00.001Z
C6897D07-CAED-B701-463C-9DFA9C2C3522,114,BGN,note23,2024-01-01T00:00:00.001Z
77FF7CDB-A3A2-F4F7-CC29-5395095F32A0,214,BGN,note23,2024-01-01T00:00:00.001Z
541AA347-6B7B-49EF-FDFD-B331699DA6A5,314,PLN,note21,2024-01-01T00:00:00.001Z
5D3A19FF-3168-8E66-E296-48DBB865C944,414,CHF,note22,2024-01-01T00:00:00.001Z
2DAD15D1-8FA7-71B0-1208-FD2BF4AF306E,414,EUR,note23,2024-01-01T00:00:00.001Z
9458B02C-7EB4-5338-8A46-39351DF28259,115,BGN,note24,2024-01-01T00:00:00.001Z
94E2FABE-F360-D7A0-D524-D010788C0286,215,BGN,note24,2024-01-01T00:00:00.001Z
ABDA5995-CF34-224B-EFB0-3A8E11332BA0,315,PLN,note22,2024-01-01T00:00:00.001Z
A84E3F7D-6A14-E0F4-814A-355E5BCF7CDB,415,PLN,note19,2024-01-01T00:00:00.001Z
9F36F750-7679-39A2-1F4F-3E0FE2EC7E78,415,CHF,note20,2024-01-01T00:00:00.001Z
22703A76-D54D-467F-C745-8298ECCEC782,116,EUR,note21,2024-01-01T00:00:00.001Z
2E0944DD-8D25-B9F1-758D-0355271D0008,216,BGN,note22,2024-01-01T00:00:00.001Z
9E88FC4D-548C-2B98-AD08-7FB810E37AA2,316,BGN,note22,2024-01-01T00:00:00.001Z
B6E494B9-F106-5D7E-B3F8-028A83276CBB,416,PLN,note20,2024-01-01T00:00:00.001Z
0AA72513-8EE7-F202-7819-1EA8025A4E9C,416,CHF,note21,2024-01-01T00:00:00.001Z
77A77FDC-78F6-56D8-E9D3-4130D2B0FEE2,117,EUR,note22,2024-01-01T00:00:00.001Z
F986DD09-9108-22C2-6634-7C4E0B5E1307,217,BGN,note23,2024-01-01T00:00:00.001Z
3FB9F272-5DEE-8837-7B2A-7140B232A928,317,BGN,note23,2024-01-01T00:00:00.001Z
EA9F1A2B-AF67-A192-EF2A-865C6008CB30,417,PLN,note21,2024-01-01T00:00:00.001Z
DE3903A5-0CBB-7304-A7B6-2E0800A3FF72,417,CHF,note22,2024-01-01T00:00:00.001Z
C737A969-7642-4E5E-9AB1-3C5BE547F1F1,118,EUR,note23,2024-01-01T00:00:00.001Z
FAD75632-D0A8-52EE-FAF8-A3A7D11EA3CC,218,BGN,note24,2024-01-01T00:00:00.001Z
8017045C-3132-A58F-30FC-8141409F67AA,318,BGN,note24,2024-01-01T00:00:00.001Z
16667792-54AA-89C4-32DE-9A4C4D7A6D86,418,PLN,note22,2024-01-01T00:00:00.001Z
FC8C7B94-7A9F-AF22-C35F-0E99D7BD6081,418,CHF,note23,2024-01-01T00:00:00.001Z
0733A2E4-B724-7776-DC2E-D513F32974E5,119,EUR,note24,2024-01-01T00:00:00.001Z
725819D7-BB6D-40EA-A4F4-FC0D9C66DAA5,219,BGN,note25,2024-01-01T00:00:00.001Z
7637322F-822A-55CB-0C78-139A51FDA061,319,BGN,note25,2024-01-01T00:00:00.001Z
5AF8A616-C68C-4C55-D3C2-4B76409D463A,419,PLN,note23,2024-01-01T00:00:00.001Z
FCDD3F0E-8A73-B50D-85A1-8D77E4EAB1B3,419,PLN,note20,2024-01-01T00:00:00.001Z
D5BC4879-D6FD-9CC8-A6A2-84A3F1292ED5,105,CHF,note21,2024-01-01T00:00:00.001Z
30E60014-8BF6-CC73-731C-BD4A45CF997D,205,EUR,note22,2024-01-01T00:00:00.001Z
A66390BB-F682-6AE0-6E21-9F151D111A4C,305,BGN,note23,2024-01-01T00:00:00.001Z
BE3E1C82-A343-6678-6035-C25117372ACA,405,BGN,note23,2024-01-01T00:00:00.001Z
5F1B7111-86BE-0CD0-F6E2-A881BBEA7088,405,PLN,note21,2024-01-01T00:00:00.001Z
9194A618-8788-9D58-53EB-DC48587BF79C,106,CHF,note22,2024-01-01T00:00:00.001Z
A17F69B9-2355-0162-53BF-9E8BC606C84C,206,EUR,note23,2024-01-01T00:00:00.001Z
3122B713-C2F8-52C0-1253-4CB87BE972DF,306,BGN,note24,2024-01-01T00:00:00.001Z
15F4C8BF-DBEA-6574-4697-9DA7DD87726E,406,BGN,note24,2024-01-01T00:00:00.001Z
61E268EF-336C-5FD2-18DC-B54A8295812F,406,PLN,note22,2024-01-01T00:00:00.001Z
B6F81AE8-D7CD-5E62-DC55-F376250AE59C,107,CHF,note23,2024-01-01T00:00:00.001Z
E151C216-89C8-0B76-F85E-8A989C655319,207,EUR,note24,2024-01-01T00:00:00.001Z
1D417720-FA9B-839D-83F6-46F915F6FF17,307,BGN,note25,2024-01-01T00:00:00.001Z
E00E6AC5-65DC-3D34-CCC4-3397D2562777,407,BGN,note25,2024-01-01T00:00:00.001Z
5F373BE7-FA6E-2EA0-142F-F16AF3647A51,407,PLN,note23,2024-01-01T00:00:00.001Z
F9D40553-A887-8067-EDD0-4BADC2C548A2,108,CHF,note24,2024-01-01T00:00:00.001Z
48E2C2E2-CF70-C26F-DBF5-7E2BD7F041A1,208,EUR,note25,2024-01-01T00:00:00.001Z
E2BCA9C3-6080-80FC-B79E-87BC62E82F83,308,BGN,note26,2024-01-01T00:00:00.001Z
FBAFA218-1C7C-7B47-B1A8-2D603A0C58A6,408,BGN,note26,2024-01-01T00:00:00.001Z
E03EABE5-5079-4593-EB3B-37154E20BA77,408,PLN,note24,2024-01-01T00:00:00.001Z
F6720AE4-5AF2-7753-1645-26D313D20D62,109,PLN,note21,2024-01-01T00:00:00.001Z
6789CA0D-694F-247A-4B61-51A2810FD009,209,CHF,note22,2024-01-01T00:00:00.001Z
2B70049D-0C03-7B87-FAE1-0CCC9EF4AFFF,309,EUR,note23,2024-01-01T00:00:00.001Z
A6B61F0C-9DDC-02C1-72B7-C5401F3944CE,409,BGN,note24,2024-01-01T00:00:00.001Z
7B46B894-BABE-601F-6CF5-CD9FE7AED561,409,BGN,note24,2024-01-01T00:00:00.001Z
F09146CB-7E71-F898-C9BF-02D98E51D857,110,PLN,note22,2024-01-01T00:00:00.001Z
90CAC500-EB21-B1C8-FA35-76059A5651C2,210,CHF,note23,2024-01-01T00:00:00.001Z
151A0657-D86F-ECF2-37C3-5DF49A0C295A,310,EUR,note24,2024-01-01T00:00:00.001Z
7235A54D-2754-F77A-B53A-31D8A166520F,410,BGN,note25,2024-01-01T00:00:00.001Z
53078F7F-789C-9FA4-E10B-5734B7E92B13,410,BGN,note25,2024-01-01T00:00:00.001Z
142DA132-B623-2C7F-7B0C-4CD800D3FB31,111,PLN,note23,2024-01-01T00:00:00.001Z
7EC6AC3D-3607-5CF7-098F-A8A24297B06D,211,CHF,note24,2024-01-01T00:00:00.001Z
0559FE2C-5957-E49B-AE34-A7BC18BA9A83,311,EUR,note25,2024-01-01T00:00:00.001Z
BB22C479-A96A-F0F2-7279-60A2F261262A,411,BGN,note26,2024-01-01T00:00:00.001Z
4CD55114-D6D4-D179-DDF2-4E3CB8F76075,411,BGN,note26,2024-01-01T00:00:00.001Z
C46569EB-3DC2-DD89-6CF3-01DF9FBA41CA,112,PLN,note24,2024-01-01T00:00:00.001Z
E4590F3D-641A-E574-98B4-95B9D0BB3FCD,212,CHF,note25,2024-01-01T00:00:00.001Z
0BC01EC5-9217-20CB-AB47-E5D9BD99BA48,312,EUR,note26,2024-01-01T00:00:00.001Z
4241A335-5472-01A7-D600-24D2040D18E5,412,BGN,note27,2024-01-01T00:00:00.001Z
B8A9E59D-729F-9F89-55ED-EE7971F12522,412,BGN,note27,2024-01-01T00:00:00.001Z
A94ACAA1-765D-B629-7B7F-851324ED7373,113,PLN,note25,2024-01-01T00:00:00.001Z
B5FFAA32-FF72-2B11-4E81-07E4D5251114,213,PLN,note22,2024-01-01T00:00:00.001Z
68F7C2C6-60E6-6D4F-8A56-F5AC1AEB64A4,313,CHF,note23,2024-01-01T00:00:00.001Z
3B08B6D2-7F84-4199-4C5E-A0888701FA31,413,EUR,note24,2024-01-01T00:00:00.001Z
2A757CA4-5490-B15D-47E1-D62C96ACCD43,413,BGN,note25,2024-01-01T00:00:00.001Z
BDA8854C-F16F-7881-2786-E35BFF233E3F,114,BGN,note25,2024-01-01T00:00:00.001Z
729399D6-5906-B2EF-E7A6-6C33D347AA7D,214,PLN,note23,2024-01-01T00:00:00.001Z
E092F105-E774-2A5E-B9A8-E35DA91584D3,314,CHF,note24,2024-01-01T00:00:00.001Z
E88112D5-6E0E-DF0A-587B-56DB112E0E78,414,EUR,note25,2024-01-01T00:00:00.001Z
B550E9AB-5358-D6D3-9172-F83B9DBE9873,414,BGN,note26,2024-01-01T00:00:00.001Z
9D21F43B-476B-376F-4B5B-EE2DEC60AEDC,115,BGN,note26,2024-01-01T00:00:00.001Z
4DE1CF8C-BF6C-66E5-08CA-854B6AF36257,215,PLN,note24,2024-01-01T00:00:00.001Z
214493C1-C8E5-0EF0-38E6-4F592341BB3D,315,CHF,note25,2024-01-01T00:00:00.001Z
23636B9D-DB0A-C94B-B5B1-AC014943053B,415,EUR,note26,2024-01-01T00:00:00.001Z
9C2DD44C-6000-8EE6-DC28-59BA6B97DE04,415,BGN,note27,2024-01-01T00:00:00.001Z
D442C95F-0A17-829A-CE49-F0E0BB1FB746,116,BGN,note27,2024-01-01T00:00:00.001Z
B722038E-981F-29FF-4344-092467FA0ACF,216,PLN,note25,2024-01-01T00:00:00.001Z
7D5E11C1-98E2-A110-117B-93634C0A98B9,316,CHF,note26,2024-01-01T00:00:00.001Z
0E9600E2-A9FA-AA92-C65E-832506B45330,416,EUR,note27,2024-01-01T00:00:00.001Z
DC9B713D-233B-535F-68AF-D45CFB3B8966,416,BGN,note28,2024-01-01T00:00:00.001Z
0FFB00CA-DF9B-C6B2-6BC4-D6706EC5A9AE,117,BGN,note28,2024-01-01T00:00:00.001Z
B58BB090-FA10-1585-693D-FA2399C28862,217,PLN,note26,2024-01-01T00:00:00.001Z
821B89AD-011D-1DD4-7EEB-AB3F5C2E5CCF,317,PLN,note23,2024-01-01T00:00:00.001Z
66208F06-4D71-19A0-C95B-588234BA78A4,417,CHF,note24,2024-01-01T00:00:00.001Z
10D0DF63-FEA4-ABEC-585A-A9F4A458DC75,417,EUR,note25,2024-01-01T00:00:00.001Z
1B946538-AB7E-F10F-9954-D31345DD0540,118,BGN,note26,2024-01-01T00:00:00.001Z
9D5DA158-FC96-6D46-FA4E-6EA2C5B1A456,218,BGN,note26,2024-01-01T00:00:00.001Z
F486F61F-F935-185E-9D97-D1FDC2082CA1,318,PLN,note24,2024-01-01T00:00:00.001Z
1733AD29-38EB-557A-EBA7-C84BA6812FA2,418,CHF,note25,2024-01-01T00:00:00.001Z
8C0857C8-4E51-9B68-3A06-71C793E86DBF,418,EUR,note26,2024-01-01T00:00:00.001Z
8B35003E-E557-D939-DCEF-C4367C1AEAE4,119,BGN,note27,2024-01-01T00:00:00.001Z
F06C6221-A3AD-2C8F-39E2-00FAD8929015,219,BGN,note27,2024-01-01T00:00:00.001Z
6DB84FD0-2163-917C-7082-D0D1FD1528A6,319,PLN,note25,2024-01-01T00:00:00.001Z
748F040F-FA3D-1040-58FA-63993F9512FC,419,CHF,note26,2024-01-01T00:00:00.001Z
CB0793F8-7362-A449-4DA6-1D748650F9DA,419,EUR,note27,2024-01-01T00:00:00.001Z
A8D4F552-4636-8D6B-243D-DEB076DB40E6,120,BGN,note28,2024-01-01T00:00:00.001Z
B72F3E60-B1E5-0B0A-DAFB-AEF427ECE159,220,BGN,note28,2024-01-01T00:00:00.001Z
CD7F4A64-C792-0239-0C58-516335729B97,320,PLN,note26,2024-01-01T00:00:00.001Z
D31EA220-6921-F620-4932-3FF2B0096032,420,CHF,note27,2024-01-01T00:00:00.001Z
BAC7AF50-178F-7A65-1672-5D20430E2684,420,EUR,note28,2024-01-01T00:00:00.001Z
D2369171-BAE8-AED3-2F34-E2C5D0332109,106,BGN,note29,2024-01-01T00:00:00.001Z
D25FDDFB-1A51-F012-FDC5-B0F12D95C3BF,206,BGN,note29,2024-01-01T00:00:00.001Z
ECDA6834-B70B-3C5F-A235-78D145E01B6F,306,PLN,note27,2024-01-01T00:00:00.001Z
D9239277-1EB9-2A31-D2C1-6271F43D6605,406,PLN,note24,2024-01-01T00:00:00.001Z
17D087F3-30E4-0702-F167-D22278FF1AD6,406,CHF,note25,2024-01-01T00:00:00.001Z
751D9AC4-E2D7-E042-6F82-56F6E9CDF630,107,EUR,note26,2024-01-01T00:00:00.001Z
68279E42-9506-EF0B-CFD9-06B3C58A9E55,207,BGN,note27,2024-01-01T00:00:00.001Z
A3820443-4823-1B1F-24A5-296E4B392921,307,BGN,note27,2024-01-01T00:00:00.001Z
18937EBB-898A-B415-E558-D1E8C84E9E50,407,PLN,note25,2024-01-01T00:00:00.001Z
9890CF8A-5EB4-B91C-4B3D-A686308A515D,407,CHF,note26,2024-01-01T00:00:00.001Z
80572C2D-D576-CAF1-065E-BC7473D18DCA,108,EUR,note27,2024-01-01T00:00:00.001Z
67FB98DF-FEA6-3EFB-685E-F8D3B8E7BDD0,208,BGN,note28,2024-01-01T00:00:00.001Z
1E2D8B2C-0245-D916-50A2-9F65EA71E086,308,BGN,note28,2024-01-01T00:00:00.001Z
5851F927-BD71-C0A7-2F4D-409C6B40D8D2,408,PLN,note26,2024-01-01T00:00:00.001Z
CB28FDD3-A38B-5C3F-222D-13C38ECBD5DA,408,CHF,note27,2024-01-01T00:00:00.001Z
3BAC201A-ACE1-45CB-C77E-6AA1C8C97600,109,EUR,note28,2024-01-01T00:00:00.001Z
8E032FD9-6F27-F2CC-E26F-995A6B42B5C5,209,BGN,note29,2024-01-01T00:00:00.001Z
9D4269A6-2AAF-0062-E67D-85A8E8B7F317,309,BGN,note29,2024-01-01T00:00:00.001Z
A13E6DFC-AD3D-C270-7398-F2608AB71688,409,PLN,note27,2024-01-01T00:00:00.001Z
50BE3CD3-471A-C9D1-9C23-D748E973BE32,409,CHF,note28,2024-01-01T00:00:00.001Z
95A6F12B-D02F-79F2-8B06-679CF8D71F65,110,EUR,note29,2024-01-01T00:00:00.001Z
58FF1806-0D2B-E7A7-E4F9-D0E360C5DE6C,210,BGN,note30,2024-01-01T00:00:00.001Z
59E3EA70-7D25-2E3F-5484-E0606C599F02,310,BGN,note30,2024-01-01T00:00:00.001Z
C5E094A1-C4DD-2F11-F6B1-16B9621FD027,410,PLN,note28,2024-01-01T00:00:00.001Z
35420674-8963-66C4-109C-DE9BB7AD7F4D,410,PLN,note25,2024-01-01T00:00:00.001Z
9E79D7C2-F893-AF41-5B3D-B436A949CD9A,111,CHF,note26,2024-01-01T00:00:00.001Z
3168AF6F-3D1E-26C2-9A60-863F62B22A54,211,EUR,note27,2024-01-01T00:00:00.001Z
231D1D4A-6833-5068-16A2-16FA11D14D56,311,BGN,note28,2024-01-01T00:00:00.001Z
0E2EE7A6-0AD1-552A-E9F5-F95A63F028BC,411,BGN,note28,2024-01-01T00:00:00.001Z
2A7D78BE-67B2-97D8-143E-2B71CFA92966,411,PLN,note26,2024-01-01T00:00:00.001Z
0391DB36-BAE2-EDBC-EE8E-925CF1DAC3B4,112,CHF,note27,2024-01-01T00:00:00.001Z
0D53A988-93CA-BBD5-3192-56EA56DD79A0,212,EUR,note28,2024-01-01T00:00:00.001Z
1AF2F01C-3A25-CFE9-F2A5-8BA99BE08057,312,BGN,note29,2024-01-01T00:00:00.001Z
A1EF9BEE-EB2A-B9C5-93DB-748CDFE80E8D,412,BGN,note29,2024-01-01T00:00:00.001Z
25EEC1C4-42B7-B2E1-7F8F-9727FCA94B0C,412,PLN,note27,2024-01-01T00:00:00.001Z
A806F595-057D-ADA0-9C35-158B465F661C,113,CHF,note28,2024-01-01T00:00:00.001Z
F081A067-4088-5DF6-1102-88B2686571AE,213,EUR,note29,2024-01-01T00:00:00.001Z
27F6B6F1-25E5-B59B-E1CE-99C9CD16F865,313,BGN,note30,2024-01-01T00:00:00.001Z
A9F26F09-6233-634B-89A8-3BCBBFF198D0,413,BGN,note30,2024-01-01T00:00:00.001Z
4033FDDC-D53B-4F76-06F7-30BB7F2461A4,413,PLN,note28,2024-01-01T00:00:00.001Z
4D1C20D3-73AC-4BC7-09CF-4BC4E2517761,114,CHF,note29,2024-01-01T00:00:00.001Z
CEEB3FCD-E06D-A80F-0411-757034861B30,214,EUR,note30,2024-01-01T00:00:00.001Z
C42E8B7E-2173-753C-FF66-DEB058019893,314,BGN,note31,2024-01-01T00:00:00.001Z
18637D47-2817-BFF2-E56D-E264A0A9CBBF,414,BGN,note31,2024-01-01T00:00:00.001Z
5B50BCD8-8B7B-5875-B522-D66324CAD82E,414,PLN,note29,2024-01-01T00:00:00.001Z
E9D91327-815D-926F-CCC5-C25F2979273E,115,PLN,note26,2024-01-01T00:00:00.001Z
3BE14696-D1C2-376D-C6A0-0458E69711FE,215,CHF,note27,2024-01-01T00:00:00.001Z
C5A1763D-31E3-DF64-DAB3-E179BAC0668E,315,EUR,note28,2024-01-01T00:00:00.001Z
58B54CBE-4FA4-F83C-21EC-7475A64EBA5B,415,BGN,note29,2024-01-01T00:00:00.001Z
D1A50FF0-A393-3E36-4485-7810BCEA580F,415,BGN,note29,2024-01-01T00:00:00.001Z
E7F75EB6-A61E-D795-EBB2-AF75D7ABEF92,116,PLN,note27,2024-01-01T00:00:00.001Z
6BF63A7E-17BC-681E-0D23-BFA3A699F9B6,216,CHF,note28,2024-01-01T00:00:00.001Z
72171422-D034-25F4-A092-98ADC79A26FB,316,EUR,note29,2024-01-01T00:00:00.001Z
685F03F9-B836-FB52-13B5-4C4C226F9B42,416,BGN,note30,2024-01-01T00:00:00.001Z
F241DE14-98C5-4ACC-F76C-C884AB5568D7,416,BGN,note30,2024-01-01T00:00:00.001Z
56A75E26-F08D-E7F9-53F3-4766D4132FEE,117,PLN,note28,2024-01-01T00:00:00.001Z
046E838D-3F98-5AFE-7D08-AE5D14D706C8,217,CHF,note29,2024-01-01T00:00:00.001Z
4045B533-F452-B402-B13F-2AC1DEDD3CB1,317,EUR,note30,2024-01-01T00:00:00.001Z
1564254A-5E1E-5CCB-CCC7-15A1783FCD3E,417,BGN,note31,2024-01-01T00:00:00.001Z
100AB75A-3D91-493F-589D-CF66F21254CB,417,BGN,note31,2024-01-01T00:00:00.001Z
35E82C69-19C4-844A-A0C1-B9BCABDA5FB0,118,PLN,note29,2024-01-01T00:00:00.001Z
F7DBC1A4-5EA9-D0C4-E8D7-94FC168AA061,218,CHF,note30,2024-01-01T00:00:00.001Z
2294971E-55A6-496A-99A4-5A4F3CEFF676,318,EUR,note31,2024-01-01T00:00:00.001Z
0F0C6D18-65BA-CAB9-FA3A-E394429A711E,418,BGN,note32,2024-01-01T00:00:00.001Z
AF0CAD4E-9215-7F93-7DAC-32DF51A370EF,418,BGN,note32,2024-01-01T00:00:00.001Z
0B877E0F-F11B-D166-56D6-88DDFEF457E1,119,PLN,note30,2024-01-01T00:00:00.001Z
5490D1CD-4F6C-67A1-7775-BE2D3516F05D,219,PLN,note27,2024-01-01T00:00:00.001Z
41C6AAE3-E2BC-471C-3774-4C9D5F1726AB,319,CHF,note28,2024-01-01T00:00:00.001Z
3B26EADE-8821-CF60-0252-E88B8D224391,419,EUR,note29,2024-01-01T00:00:00.001Z
A75BC02D-C4DA-293D-7258-13AADF43D516,419,BGN,note30,2024-01-01T00:00:00.001Z
684A0BC9-F427-9257-58DA-142183A6B53F,120,BGN,note30,2024-01-01T00:00:00.001Z
A54F5CA7-506B-689A-30DA-7AE295F4B9C3,220,PLN,note28,2024-01-01T00:00:00.001Z
768962D8-BC5D-4039-CBFD-DE26536349F3,320,CHF,note29,2024-01-01T00:00:00.001Z
0CC9FBC3-C39E-5E53-5BA5-E92B75412DB7,420,EUR,note30,2024-01-01T00:00:00.001Z
4D77E31D-347A-4100-DFA0-BF297F83141A,420,BGN,note31,2024-01-01T00:00:00.001Z
7C0E02E3-D508-068E-0CC0-0D9861D99FE2,121,BGN,note31,2024-01-01T00:00:00.001Z
4C0CF154-1A17-D933-B415-BA4CA7CEEE70,221,PLN,note29,2024-01-01T00:00:00.001Z
357C8CB1-B286-E521-1A74-C9729295CFB6,321,CHF,note30,2024-01-01T00:00:00.001Z
AB48A4E4-3C0F-3318-4920-6DF77F261C05,421,EUR,note31,2024-01-01T00:00:00.001Z
AEB4EC1E-9C4F-B5BB-912E-790F57FB8C04,421,BGN,note32,2024-01-01T00:00:00.001Z
2EA79557-B628-057B-1F5E-ED7C603745C4,107,BGN,note32,2024-01-01T00:00:00.001Z
DA35D624-1FC6-39FF-4228-DC3C10A39B32,207,PLN,note30,2024-01-01T00:00:00.001Z
C016DC4B-D710-D04E-96A0-8575C339326C,307,CHF,note31,2024-01-01T00:00:00.001Z
E85E38F8-9AB3-195A-9711-5C07A57772F8,407,EUR,note32,2024-01-01T00:00:00.001Z
BC9E80BA-F582-4D2B-9510-910B6B566F07,407,BGN,note33,2024-01-01T00:00:00.001Z
13154667-2882-D455-5F38-C93140A94062,108,BGN,note33,2024-01-01T00:00:00.001Z
329B6776-08BB-EA82-74C6-E3216A572F8A,208,PLN,note31,2024-01-01T00:00:00.001Z
FBC34E16-F12F-A289-E89B-A44C30D727D2,308,PLN,note28,2024-01-01T00:00:00.001Z
2744B9AC-25E6-7FF9-B437-8FF87C4846EC,408,CHF,note29,2024-01-01T00:00:00.001Z
AB718906-EDEB-DA46-87DA-1F9EBDB8953E,408,EUR,note30,2024-01-01T00:00:00.001Z
999FBEC8-250E-E68E-06C9-8BF285107BAA,109,BGN,note31,2024-01-01T00:00:00.001Z
4CA895BA-4B98-B218-3755-70C0B7820859,209,BGN,note31,2024-01-01T00:00:00.001Z
8C3CBEF3-D256-5256-B492-69A441EE224A,309,PLN,note29,2024-01-01T00:00:00.001Z
E66ACB2F-12B5-0F3F-0AC5-F30979CB0993,409,CHF,note30,2024-01-01T00:00:00.001Z
2E2DA6A0-7785-9A88-C87F-92B406C22B4B,409,EUR,note31,2024-01-01T00:00:00.001Z
B9585B2A-5435-93E0-AD84-1FF87149CAA9,110,BGN,note32,2024-01-01T00:00:00.001Z
6AA8C539-3339-A7AA-1E7D-C59C70C632DD,210,BGN,note32,2024-01-01T00:00:00.001Z
70FB029C-5563-52AE-8BFC-B6A4B3C1FD9C,310,PLN,note30,2024-01-01T00:00:00.001Z
BEB1BF1D-453F-E950-8A93-BD667E42C668,410,CHF,note31,2024-01-01T00:00:00.001Z
BFEA1E8A-FF9B-2033-DF40-AA70AB243386,410,EUR,note32,2024-01-01T00:00:00.001Z
303DB4E4-D948-1695-CF1E-02A5A72F5CE5,111,BGN,note33,2024-01-01T00:00:00.001Z
911344FD-4CF9-ACD6-6AEC-91BFD2387F48,211,BGN,note33,2024-01-01T00:00:00.001Z
85A02152-C3F3-C59B-8A14-12794B4BF08F,311,PLN,note31,2024-01-01T00:00:00.001Z
98C210C8-2CA3-92B5-9BDB-4D833D17D0DC,411,CHF,note32,2024-01-01T00:00:00.001Z
10A34474-8F89-7DFC-3DDD-CE944E657BD7,411,EUR,note33,2024-01-01T00:00:00.001Z
72D4DA19-3660-27AB-C7D9-27A69D6B910E,112,BGN,note34,2024-01-01T00:00:00.001Z
5858F640-D2AA-0B1E-F40D-F33BB02C9BC2,212,BGN,note34,2024-01-01T00:00:00.001Z
B0D9DB9F-C8E0-129D-279A-6BF007ED87FE,312,PLN,note32,2024-01-01T00:00:00.001Z
4FA56C2C-34BB-BF83-C5A4-CBC3ED9C321C,412,PLN,note29,2024-01-01T00:00:00.001Z
DAEED1A8-5232-BEF6-9A87-A18A68B2998A,412,CHF,note30,2024-01-01T00:00:00.001Z
2D9C3E7D-71AC-6931-6737-4249F0E47D91,113,EUR,note31,2024-01-01T00:00:00.001Z
F3D50992-C062-226F-DAF1-42D1F22EB504,213,BGN,note32,2024-01-01T00:00:00.001Z
551EC696-145E-168B-FC8B-2B8325E524DC,313,BGN,note32,2024-01-01T00:00:00.001Z
FA3C0D72-E0DC-2ECE-3A4A-DB24A05C796A,413,PLN,note30,2024-01-01T00:00:00.001Z
C4631920-86C6-684D-726C-102F3D3D0853,413,CHF,note31,2024-01-01T00:00:00.001Z
2D8B752C-749D-F391-8B44-EC49A3FACBC0,114,EUR,note32,2024-01-01T00:00:00.001Z
8A859EE5-001E-E98D-11C4-5D9A7AEBB24A,214,BGN,note33,2024-01-01T00:00:00.001Z
35CD89A8-0B63-C558-D1DE-6151EA8B8750,314,BGN,note33,2024-01-01T00:00:00.001Z
821619BF-3296-4E83-418F-02453D6E56BB,414,PLN,note31,2024-01-01T00:00:00.001Z
49752B7B-D049-B641-635F-8419FC05E678,414,CHF,note32,2024-01-01T00:00:00.001Z
20E21CF4-A5BA-7AEA-829F-EA83EB34D16B,115,EUR,note33,2024-01-01T00:00:00.001Z
FFE6269F-FB1F-29D0-FFE3-79754D46F53A,215,BGN,note34,2024-01-01T00:00:00.001Z
2B26B22B-FCC0-3643-EBC9-01B1AC4B18AE,315,BGN,note34,2024-01-01T00:00:00.001Z
EECB842C-43BD-73AC-CCF6-9D6044486D2F,415,PLN,note32,2024-01-01T00:00:00.001Z
4560B51A-39FD-01A2-1375-0BCD2EE28968,415,CHF,note33,2024-01-01T00:00:00.001Z
EA740670-1091-EB4F-E020-16515CE75DDE,116,EUR,note34,2024-01-01T00:00:00.001Z
C61714C0-5AAE-61F7-C175-0C78325690CA,216,BGN,note35,2024-01-01T00:00:00.001Z
4690C5CD-F83A-F8B2-4BB3-D790D8F9C8E0,316,BGN,note35,2024-01-01T00:00:00.001Z
C5E18086-F63C-16E0-05CD-0B5F82BCD534,416,PLN,note33,2024-01-01T00:00:00.001Z
4B671D42-4F79-AE8F-4FC9-18BF4CFA890A,416,PLN,note30,2024-01-01T00:00:00.001Z
056F450D-8D9C-7F03-C4DA-901E64FFB47A,117,CHF,note31,2024-01-01T00:00:00.001Z
6DB9DF0E-E7C3-7799-6C36-3B30A34078C2,217,EUR,note32,2024-01-01T00:00:00.001Z
A182CE6E-CCAA-F493-45AB-3D7E9379BDE7,317,BGN,note33,2024-01-01T00:00:00.001Z
5028406E-FD74-A298-BA68-9ED02E0FF159,417,BGN,note33,2024-01-01T00:00:00.001Z
6A94C113-4C8B-13F7-CFE4-179921555B6D,417,PLN,note31,2024-01-01T00:00:00.001Z
61248043-95B0-579C-0B38-C05A396044C6,118,CHF,note32,2024-01-01T00:00:00.001Z
602A1E37-17CF-1F45-5076-35890028A76A,218,EUR,note33,2024-01-01T00:00:00.001Z
EAA1FBFC-ACFE-2C66-DBCE-4D393FEB6641,318,BGN,note34,2024-01-01T00:00:00.001Z
97105BA2-B9FD-DAE4-E2C2-A802539BD62B,418,BGN,note34,2024-01-01T00:00:00.001Z
4307E1DB-CB80-7A0C-10B3-E1A5EDE1A770,418,PLN,note32,2024-01-01T00:00:00.001Z
319E4530-9AAD-E544-1C06-A491800D510A,119,CHF,note33,2024-01-01T00:00:00.001Z
6322A909-840A-8A44-8D29-59FD693B0B64,219,EUR,note34,2024-01-01T00:00:00.001Z
4CD7F1B6-0DCE-E0A6-BC24-45A1E853B710,319,BGN,note35,2024-01-01T00:00:00.001Z
D958A23B-AD14-A014-CD4F-97F8DA566F13,419,BGN,note35,2024-01-01T00:00:00.001Z
7673EF62-A186-4A78-BB4D-E12C6BC6BFAD,419,PLN,note33,2024-01-01T00:00:00.001Z
FCFBE2E3-3C19-B90F-7E6E-6E6362CF8FA5,120,CHF,note34,2024-01-01T00:00:00.001Z
B3288BAA-5FB0-3EC5-D37A-5F234A896499,220,EUR,note35,2024-01-01T00:00:00.001Z
328ACD7B-0752-9DF5-6418-09E46B0DE588,320,BGN,note36,2024-01-01T00:00:00.001Z
D10EE3DA-F89C-97E2-EF76-744CA06B3DDC,420,BGN,note36,2024-01-01T00:00:00.001Z
E545E179-6320-2C32-FFA6-CDE99654B99B,420,PLN,note34,2024-01-01T00:00:00.001Z
8CC67C13-BB61-2D42-894E-6091569D516A,121,PLN,note31,2024-01-01T00:00:00.001Z
808D89C2-9579-2578-6E1E-6830655E089C,221,CHF,note32,2024-01-01T00:00:00.001Z
5EF38959-BD13-A0B5-43D4-A75A4E35319D,321,EUR,note33,2024-01-01T00:00:00.001Z
BF51D33B-8918-BBAC-B3EE-A827CC2E832A,421,BGN,note34,2024-01-01T00:00:00.001Z
E16169EE-37D3-3CA8-D7B7-DB27277AE614,421,BGN,note34,2024-01-01T00:00:00.001Z
C639A612-E642-0F2B-8567-AE3D23408BD0,122,PLN,note32,2024-01-01T00:00:00.001Z
FDCC1FF8-2971-417A-03E1-4E187190DE82,222,CHF,note33,2024-01-01T00:00:00.001Z
60BA3636-D45C-DC4A-4F02-51F585012C0A,322,EUR,note34,2024-01-01T00:00:00.001Z
9BC4EAB8-36F8-22AD-72B9-1F877A24C734,422,BGN,note35,2024-01-01T00:00:00.001Z
98E6265D-2C04-EAA1-CC51-CD15CA0B45BC,422,BGN,note35,2024-01-01T00:00:00.001Z
BB9211C8-0CD2-B62E-3421-EDA03AB4133F,108,PLN,note33,2024-01-01T00:00:00.001Z
DB9150E3-903D-F354-C5AE-4D5BF20193A8,208,CHF,note34,2024-01-01T00:00:00.001Z
BB534430-720B-E29B-2FE8-1EE6DD0D4F9B,308,EUR,note35,2024-01-01T00:00:00.001Z
B562FE77-AF45-1F31-FA09-7747D4595CD4,408,BGN,note36,2024-01-01T00:00:00.001Z
62509EF9-5630-8BD5-27F4-FB5BCBDE4A94,408,BGN,note36,2024-01-01T00:00:00.001Z
EE7D4BBD-EC7F-BF08-0AA9-8702AA693715,109,PLN,note34,2024-01-01T00:00:00.001Z
D2B848BB-5022-50CF-CEFB-B7019E6CC0DD,209,CHF,note35,2024-01-01T00:00:00.001Z
01F37DAB-A946-0D76-5798-9AB49EF9567D,309,EUR,note36,2024-01-01T00:00:00.001Z
AF3A80B3-3B58-95A1-C93F-8029D24773E8,409,BGN,note37,2024-01-01T00:00:00.001Z
082DB922-4C48-13AF-45A7-3AABD26B1E35,409,BGN,note37,2024-01-01T00:00:00.001Z
5D6E6191-39BD-EAE2-1AE6-ACB47C44C4EF,110,PLN,note35,2024-01-01T00:00:00.001Z
411D2EFB-B437-4063-E5AE-73E9108B54B4,210,PLN,note32,2024-01-01T00:00:00.001Z
D88A027F-6194-04FB-A76A-E555BF85B5BD,310,CHF,note33,2024-01-01T00:00:00.001Z
A1D621DB-1280-A92C-E738-6FDF7F3C6A2E,410,EUR,note34,2024-01-01T00:00:00.001Z
42FEB15C-A13B-8253-B30E-2E67B648EC7F,410,BGN,note35,2024-01-01T00:00:00.001Z
6BD01152-E56A-CE1D-CB25-2156CCFFEED7,111,BGN,note35,2024-01-01T00:00:00.001Z
DCADF153-5656-05A9-EC28-FF9AA8D7FF99,211,PLN,note33,2024-01-01T00:00:00.001Z
8882CCF3-90F0-A7B3-CF27-6588852C594A,311,CHF,note34,2024-01-01T00:00:00.001Z
ACFDC344-0623-F71C-0E17-7587634F1ECF,411,EUR,note35,2024-01-01T00:00:00.001Z
1C59388A-E215-9191-9FD5-9118FAA12F7D,411,BGN,note36,2024-01-01T00:00:00.001Z
A6BC915E-7CFD-A50F-073F-C3EC5994C867,112,BGN,note36,2024-01-01T00:00:00.001Z
BB0ACE26-8400-E5D0-4C05-481F731025E4,212,PLN,note34,2024-01-01T00:00:00.001Z
DCA0CF8E-C8C7-E75F-05B2-C5DB89B86C66,312,CHF,note35,2024-01-01T00:00:00.001Z
DBFC15B3-5206-CF68-29F4-596695053133,412,EUR,note36,2024-01-01T00:00:00.001Z
A7DDC16A-8F69-125E-804B-A75BBD7C002F,412,BGN,note37,2024-01-01T00:00:00.001Z
B4915B2A-27DB-888B-FF68-216E83007260,113,BGN,note37,2024-01-01T00:00:00.001Z
E9BF0A09-AFD0-D50F-4A94-13B647E8A6BD,213,PLN,note35,2024-01-01T00:00:00.001Z
CD130C6D-5A55-83F6-3159-31F4A886E72B,313,CHF,note36,2024-01-01T00:00:00.001Z
17265326-A4DF-B921-703F-C078D72A910A,413,EUR,note37,2024-01-01T00:00:00.001Z
9D5669E1-62BE-8064-5000-674FF1EEBD02,413,BGN,note38,2024-01-01T00:00:00.001Z
C0EE5815-AE10-F148-926F-09F0485CD199,114,BGN,note38,2024-01-01T00:00:00.001Z
F4113D1E-FD72-D3F6-CE37-6470D723517B,214,PLN,note36,2024-01-01T00:00:00.001Z
DD3EEBD5-7F55-674B-7A49-305136FE6B76,314,PLN,note33,2024-01-01T00:00:00.001Z
26987AC2-9ACF-E28C-F0CD-183D3CE22A63,414,CHF,note34,2024-01-01T00:00:00.001Z
269DFBE3-5BF2-AF1F-84C0-F3A91A549B65,414,EUR,note35,2024-01-01T00:00:00.001Z
A0332298-22E1-34EE-838C-25BBF2BD49A2,115,BGN,note36,2024-01-01T00:00:00.001Z
B6F0EC86-EFF3-2EBB-16E1-1C788612EF12,215,BGN,note36,2024-01-01T00:00:00.001Z
1F42E0FD-A17A-F959-20B1-9A48C533CA0C,315,PLN,note34,2024-01-01T00:00:00.001Z
65BC5613-FFF7-2DF6-FE29-FC38E0C10FCF,415,CHF,note35,2024-01-01T00:00:00.001Z
CF8A6268-A82B-7861-668F-39FC83F0A7B8,415,EUR,note36,2024-01-01T00:00:00.001Z
E692EA39-7B3E-2E0D-BF28-1115B0752055,116,BGN,note37,2024-01-01T00:00:00.001Z
9907D371-2646-D1DA-5F81-E7F5AF4C7C55,216,BGN,note37,2024-01-01T00:00:00.001Z
243B4701-2AEC-1AC1-5370-CD7AEF50F799,316,PLN,note35,2024-01-01T00:00:00.001Z
35107086-C6EF-C4D1-EA23-7028422B81E4,416,CHF,note36,2024-01-01T00:00:00.001Z
B7A07FBB-B32C-7666-CE13-DA40877FD0D9,416,EUR,note37,2024-01-01T00:00:00.001Z
4E4809B1-633B-0C1C-F81C-9EF58896C140,117,BGN,note38,2024-01-01T00:00:00.001Z
D4E49D00-658D-DFB2-CD7F-3EA956652559,217,BGN,note38,2024-01-01T00:00:00.001Z
1C1E7769-AC58-61E1-E279-35A3E0123676,317,PLN,note36,2024-01-01T00:00:00.001Z
36813AE4-41EA-9A92-ABB9-F3B7B036DB77,417,CHF,note37,2024-01-01T00:00:00.001Z
82846473-8531-E381-73B1-BA65879DD039,417,EUR,note38,2024-01-01T00:00:00.001Z
5B03A06E-AD8B-9F6C-A3E8-E5FD62F1A405,118,BGN,note39,2024-01-01T00:00:00.001Z
19D654AE-5BC9-7B57-7BED-91D90A4338AB,218,BGN,note39,2024-01-01T00:00:00.001Z
41272397-62EF-1B53-8413-A3BEF482BA96,318,PLN,note37,2024-01-01T00:00:00.001Z
CD7BEFFB-131D-A737-558D-E5ED1BA8706F,418,PLN,note34,2024-01-01T00:00:00.001Z
56440204-7EE4-D46E-E910-F337DDE5A4A0,418,CHF,note35,2024-01-01T00:00:00.001Z
2E0F9A9B-C305-61B7-F28B-2C377966D2CE,119,EUR,note36,2024-01-01T00:00:00.001Z
D00A0D47-F5B6-2597-7B62-0E1DD75847BA,219,BGN,note37,2024-01-01T00:00:00.001Z
E97CE588-3F92-AE49-2016-43376276E0DF,319,BGN,note37,2024-01-01T00:00:00.001Z
D329D25C-086A-FF19-CD90-A7BCEA0E0121,419,PLN,note35,2024-01-01T00:00:00.001Z
FCCB9BB5-CF97-8E22-DCCD-460E1854C11A,419,CHF,note36,2024-01-01T00:00:00.001Z
259F5719-6EB5-45DC-4379-FE5D4425C848,120,EUR,note37,2024-01-01T00:00:00.001Z
E30EFC5B-D3B1-26A5-6DBF-74BADDA8ABC2,220,BGN,note38,2024-01-01T00:00:00.001Z
A149CED3-B9CB-DED1-F218-5F995A3E3C81,320,BGN,note38,2024-01-01T00:00:00.001Z
FC07314F-11AC-7F92-7CFC-FEE1D581F110,420,PLN,note36,2024-01-01T00:00:00.001Z
B5777A3F-682B-3CD4-51E5-4DC244384050,420,CHF,note37,2024-01-01T00:00:00.001Z
BC869599-974C-FFF6-0EB3-EB046EA63F29,121,EUR,note38,2024-01-01T00:00:00.001Z
F568424D-0240-BFBF-BCEC-65EBA1F4E80C,221,BGN,note39,2024-01-01T00:00:00.001Z
157F2690-27FC-C461-3CD2-7B7201EBAC51,321,BGN,note39,2024-01-01T00:00:00.001Z
45931C8A-B702-B4CD-D7C3-8D29B90CA858,421,PLN,note37,2024-01-01T00:00:00.001Z
27056CCD-DDFE-08AC-E593-3C6F3BC95F54,421,CHF,note38,2024-01-01T00:00:00.001Z
883D02B9-E23F-1259-5694-27024402F45A,122,EUR,note39,2024-01-01T00:00:00.001Z
EC56EE5D-1159-183B-3E33-501EFAB39CA1,222,BGN,note40,2024-01-01T00:00:00.001Z
E8CBA10E-1AB3-92C0-CF95-8DE1063C8734,322,BGN,note40,2024-01-01T00:00:00.001Z
F189B48F-15BA-AAD2-F940-65FC6449FF6A,422,PLN,note38,2024-01-01T00:00:00.001Z
A085313B-DE4E-3A93-9249-1B89BD52860E,422,PLN,note35,2024-01-01T00:00:00.001Z
CED741EF-2F21-164B-A4E3-D1E43D6BC959,123,CHF,note36,2024-01-01T00:00:00.001Z
D0A12F32-9579-0CC7-F3F9-3AD17BD05FCC,223,EUR,note37,2024-01-01T00:00:00.001Z
FFF2E1B8-49FD-68A0-BDF8-504224809DDF,323,BGN,note38,2024-01-01T00:00:00.001Z
D00B2DF3-7E46-19E1-3158-E84023B92EBC,423,BGN,note38,2024-01-01T00:00:00.001Z
85899776-67F1-F92C-1251-A025B1355C57,423,PLN,note36,2024-01-01T00:00:00.001Z
32D03F42-B435-0EC8-C577-69B6CD835EFA,109,CHF,note37,2024-01-01T00:00:00.001Z
FFABA1FE-5D9D-4B69-6CF2-F88431C195C2,209,EUR,note38,2024-01-01T00:00:00.001Z
9CE90A78-F581-AF43-4C57-B0DE49F045DF,309,BGN,note39,2024-01-01T00:00:00.001Z
82D9B4DC-247B-1A57-DFEC-D9EA587D0533,409,BGN,note39,2024-01-01T00:00:00.001Z
F065D4BE-A5D3-1B3F-7F98-D591BE02C8A0,409,PLN,note37,2024-01-01T00:00:00.001Z
CB5966AA-97A6-C7F2-5700-29C7509B5CB0,110,CHF,note38,2024-01-01T00:00:00.001Z
1AB30036-DEE9-096F-09CE-76D0A48AAA1B,210,EUR,note39,2024-01-01T00:00:00.001Z
55EF259B-FA40-223C-165F-DC7A68F5CBB3,310,BGN,note40,2024-01-01T00:00:00.001Z
5467AF3F-D696-A65F-A545-A1BF4417CBEB,410,BGN,note40,2024-01-01T00:00:00.001Z
2FD50DF3-7D24-116F-32AF-FECDCCBB69CB,410,PLN,note38,2024-01-01T00:00:00.001Z
40C39176-45FC-7F45-C431-6B07A283B82A,111,CHF,note39,2024-01-01T00:00:00.001Z
5CAB443D-4179-9C2C-306A-3BE5EDEC4FFA,211,EUR,note40,2024-01-01T00:00:00.001Z
3A7CA045-772F-7BAE-1D11-980C1F4FAFFA,311,BGN,note41,2024-01-01T00:00:00.001Z
C889833D-D721-A801-38F6-C2F6CB5201C5,411,BGN,note41,2024-01-01T00:00:00.001Z
E283A747-C0A8-4095-76F1-77D75336D0A7,411,PLN,note39,2024-01-01T00:00:00.001Z
550D635A-BF3D-B72C-0FFD-9BE83D939837,112,PLN,note36,2024-01-01T00:00:00.001Z
7CB4204C-7036-8706-99FB-FE6F3AB71F70,212,CHF,note37,2024-01-01T00:00:00.001Z
DA1BB6C0-246D-7AD4-6751-EC635C5D4C95,312,EUR,note38,2024-01-01T00:00:00.001Z
380127B0-8B31-BD47-75CE-DC3E7E6C8621,412,BGN,note39,2024-01-01T00:00:00.001Z
1B1B4830-7188-F2A6-F422-0074210DF1D7,412,BGN,note39,2024-01-01T00:00:00.001Z
23E632B3-0020-175F-D5CA-BD2B06DC1604,113,PLN,note37,2024-01-01T00:00:00.001Z
9ED2EE28-8CF3-687B-EA27-540BCE257AE5,213,CHF,note38,2024-01-01T00:00:00.001Z
CFB22B62-24DD-3EC5-63DB-027C0272F9C1,313,EUR,note39,2024-01-01T00:00:00.001Z
2E29DBF1-5037-B324-5F60-C94D17EA6258,413,BGN,note40,2024-01-01T00:00:00.001Z
D5C5ECA5-0ECF-2227-2800-74DEEE686A8B,413,BGN,note40,2024-01-01T00:00:00.001Z
053DDB57-62D9-A368-4726-56C484C90C93,114,PLN,note38,2024-01-01T00:00:00.001Z
C84DE596-C4B1-FB21-4A60-A99AC96D66F4,214,CHF,note39,2024-01-01T00:00:00.001Z
1CE58F2F-1C0C-5627-0089-7C7EFAC334F9,314,EUR,note40,2024-01-01T00:00:00.001Z
4CC805CD-27D1-EEF0-8C6B-A4579346FC06,414,BGN,note41,2024-01-01T00:00:00.001Z
2AF970A8-9B6C-E979-E250-50A898E4EF2C,414,BGN,note41,2024-01-01T00:00:00.001Z
43E9DFC1-412A-D506-491B-5B023B8156E4,115,PLN,note39,2024-01-01T00:00:00.001Z
C3AA5110-6D1C-C498-5F6C-22F3B4CFE8E7,215,CHF,note40,2024-01-01T00:00:00.001Z
C1480009-336F-9EDD-0E83-969B5CC1F2C3,315,EUR,note41,2024-01-01T00:00:00.001Z
7DC685E7-B853-E7E1-A84D-A72B7CF9032D,415,BGN,note42,2024-01-01T00:00:00.001Z
BA56ADF5-3AF9-4D60-C821-4DA590DE0047,415,BGN,note42,2024-01-01T00:00:00.001Z
9732C6F5-25DB-017A-4AE9-FFB501694CDC,116,PLN,note40,2024-01-01T00:00:00.001Z
3BB70586-1AEF-6BDB-A62F-9F4A5BC75436,216,PLN,note37,2024-01-01T00:00:00.001Z
5097FD56-60CF-93CB-B65F-FB857582CB6D,316,CHF,note38,2024-01-01T00:00:00.001Z
EC5BF3D8-F2DE-7D31-A77E-5BAA5BA5385C,416,EUR,note39,2024-01-01T00:00:00.001Z
17D28E41-56DD-CE99-0202-E5DF534E6E6F,416,BGN,note40,2024-01-01T00:00:00.001Z
793FC3CE-05D8-9CED-A722-B2445EC796D6,117,BGN,note40,2024-01-01T00:00:00.001Z
BE60B956-0DE5-6271-41AD-FD8D0CE7D111,217,PLN,note38,2024-01-01T00:00:00.001Z
36D36C14-B5DF-37A0-6324-00DCB3BCC0E3,317,CHF,note39,2024-01-01T00:00:00.001Z
6AC9A403-CEE2-F6E7-523B-5EC230247DEC,417,EUR,note40,2024-01-01T00:00:00.001Z
6E3BD633-8305-7719-35B9-7B36405AE2D4,417,BGN,note41,2024-01-01T00:00:00.001Z
7D22DFC0-96C6-2A88-A203-357F92B2AF1E,118,BGN,note41,2024-01-01T00:00:00.001Z
59CC1C57-26E8-60AD-3390-F6CD287FC8BB,218,PLN,note39,2024-01-01T00:00:00.001Z
3150C3DA-59B4-A826-20D4-8A180B57B45D,318,CHF,note40,2024-01-01T00:00:00.001Z
A2BBB7B0-F11F-209D-6EB3-21FBBFEB59FF,418,EUR,note41,2024-01-01T00:00:00.001Z
1F7BF82A-F0BD-92B5-8120-90F30619723F,418,BGN,note42,2024-01-01T00:00:00.001Z
21FC58C0-257C-A340-21B5-9B27F3153796,119,BGN,note42,2024-01-01T00:00:00.001Z
2E70E4BD-7C83-F6F1-88FD-F9025072B14C,219,PLN,note40,2024-01-01T00:00:00.001Z
A1741BE3-BB1E-60CA-73D5-1389599D30AE,319,CHF,note41,2024-01-01T00:00:00.001Z
A3572243-5B71-F344-BA74-2D4DD31C8E9A,419,EUR,note42,2024-01-01T00:00:00.001Z
B54407B7-C9AE-BE34-2218-FB1404883A2F,419,BGN,note43,2024-01-01T00:00:00.001Z
66914D96-5A92-EAEF-31CB-50AEA7F3F49A,120,BGN,note43,2024-01-01T00:00:00.001Z
67DD79CF-1EB9-CF05-B77D-78A308A930D1,220,PLN,note41,2024-01-01T00:00:00.001Z
F20E0FDB-0BE3-5FA8-93F3-120A2D634C23,320,PLN,note38,2024-01-01T00:00:00.001Z
206FBF03-1D96-7FF7-D9DF-C22415DE9DED,420,CHF,note39,2024-01-01T00:00:00.001Z
409A0BFD-5DA8-CEE0-9D40-23BC5E6D46DF,420,EUR,note40,2024-01-01T00:00:00.001Z
A7C42C3E-8C19-B9A8-6A6C-902BCD57A55A,121,BGN,note41,2024-01-01T00:00:00.001Z
86E65682-9078-B83C-9091-61FD5DC9AAA5,221,BGN,note41,2024-01-01T00:00:00.001Z
6EF65417-C414-BFBC-A4CD-B8C1D05C0550,321,PLN,note39,2024-01-01T00:00:00.001Z
2FD044F4-D494-3A64-74D8-1BA61E59F0C7,421,CHF,note40,2024-01-01T00:00:00.001Z
47C2E018-6DF9-B932-3AF9-74654A340171,421,EUR,note41,2024-01-01T00:00:00.001Z
3441FC22-CB79-7FD0-A756-108287CA19F1,122,BGN,note42,2024-01-01T00:00:00.001Z
D9D7AE22-4B90-92DB-AD8F-7EF4624DE71D,222,BGN,note42,2024-01-01T00:00:00.001Z
D7104A50-1640-050A-CCA7-3BEB6BB9FAEE,322,PLN,note40,2024-01-01T00:00:00.001Z
09843CCF-FB6D-7EFF-D21F-DF5969C35DD6,422,CHF,note41,2024-01-01T00:00:00.001Z
EA2F7C91-FF05-D704-24B8-651535EEC685,422,EUR,note42,2024-01-01T00:00:00.001Z
D4D18D0B-D240-EF43-8A9B-D2F1C23BC6DB,123,BGN,note43,2024-01-01T00:00:00.001Z
6D6A5C8D-E94C-0524-24FB-673765092D23,223,BGN,note43,2024-01-01T00:00:00.001Z
620B8EA6-C076-102D-05CE-4C5EFABD31F1,323,PLN,note41,2024-01-01T00:00:00.001Z
18081682-A045-3957-A7F6-2D57C8B87025,423,CHF,note42,2024-01-01T00:00:00.001Z
324E77EE-C020-B0FD-3F9B-B06213BC20DC,423,EUR,note43,2024-01-01T00:00:00.001Z
3875E056-D5B9-CF5A-DBEE-5705B55AE46C,124,BGN,note44,2024-01-01T00:00:00.001Z
7246F988-5D3A-9FC6-0F56-B1FF6DA952B5,224,BGN,note44,2024-01-01T00:00:00.001Z
DE6A2E0B-9E41-5722-32EA-6BD4342682AA,324,PLN,note42,2024-01-01T00:00:00.001Z
4D1C1CE9-4CCC-B372-2C46-33EE4330302E,424,PLN,note39,2024-01-01T00:00:00.001Z
E88963D2-80CA-0437-B58E-113E09B952FA,424,CHF,note40,2024-01-01T00:00:00.001Z
19B9C89A-8BCE-A8A8-F8AE-8D73B9610978,110,EUR,note41,2024-01-01T00:00:00.001Z
764DCECC-86D7-ACFC-FF6B-7870501A226C,210,BGN,note42,2024-01-01T00:00:00.001Z
E97C0F35-491C-6779-9678-5531593C5950,310,BGN,note42,2024-01-01T00:00:00.001Z
8E7D053A-D59F-2A55-C6B7-27E4875D5C7D,410,PLN,note40,2024-01-01T00:00:00.001Z
D477EA3B-A123-4945-2535-DFF076198B38,410,CHF,note41,2024-01-01T00:00:00.001Z
2C79D078-CB3E-2720-E65E-39B23FB221AD,111,EUR,note42,2024-01-01T00:00:00.001Z
64AE78B2-D5FA-E21E-D987-882313AD0531,211,BGN,note43,2024-01-01T00:00:00.001Z
74D0D817-E723-B13A-1D9F-68DCFD254995,311,BGN,note43,2024-01-01T00:00:00.001Z
E8531BF8-EA6D-BAE5-C55F-9DED7F0D3210,411,PLN,note41,2024-01-01T00:00:00.001Z
78E7344B-E28D-C2E0-E264-6354CE87C4A4,411,CHF,note42,2024-01-01T00:00:00.001Z
42EF47A2-390E-DB1C-ABAA-A9CADA14EBE5,112,EUR,note43,2024-01-01T00:00:00.001Z
286B176B-FB11-0F2D-53CA-83F13ECD4ABA,212,BGN,note44,2024-01-01T00:00:00.001Z
5E9EAA43-79EE-9CC5-7345-95480F564506,312,BGN,note44,2024-01-01T00:00:00.001Z
9FB85FCF-923D-B7D5-7EC9-26DB496ED1DA,412,PLN,note42,2024-01-01T00:00:00.001Z
5F810A33-F594-3195-A912-F14115BC9C8C,412,CHF,note43,2024-01-01T00:00:00.001Z
673652D6-1D49-4361-478B-ABCD16D003DF,113,EUR,note44,2024-01-01T00:00:00.001Z
32E8B559-C8DA-EB16-1268-0AC871FBCF76,213,BGN,note45,2024-01-01T00:00:00.001Z
FBE7F558-67E7-F32C-4F3B-234E2AE53111,313,BGN,note45,2024-01-01T00:00:00.001Z
512E1BED-6345-5E6E-4FD6-6EA79B394F5D,413,PLN,note43,2024-01-01T00:00:00.001Z
497993CF-6267-87C8-2234-F0507E890026,413,PLN,note40,2024-01-01T00:00:00.001Z
7B250CF7-2626-0070-8349-ACC1474E1A2F,114,CHF,note41,2024-01-01T00:00:00.001Z
7F4352D6-7F5C-C328-7079-22CC475F2F78,214,EUR,note42,2024-01-01T00:00:00.001Z
A926EB44-5004-B809-2056-EE5A326FF047,314,BGN,note43,2024-01-01T00:00:00.001Z
CDC9F85B-F988-4EE0-DCA2-752563294C82,414,BGN,note43,2024-01-01T00:00:00.001Z
2A41F25C-A983-21B0-9FCB-590B42E132A3,414,PLN,note41,2024-01-01T00:00:00.001Z
DF1F3EA2-FBFD-AE53-D36E-52D099F0FC28,115,CHF,note42,2024-01-01T00:00:00.001Z
D024DCA6-8D27-6536-50B1-93E30EA1DF4C,215,EUR,note43,2024-01-01T00:00:00.001Z
8B762D42-0403-765F-D01A-AF5BA326BCBB,315,BGN,note44,2024-01-01T00:00:00.001Z
1D455531-0572-2A6D-CEAA-6E4DB2F54F27,415,BGN,note44,2024-01-01T00:00:00.001Z
A9450CEF-9EF8-98E2-22C2-A7F8CC91E428,415,PLN,note42,2024-01-01T00:00:00.001Z
89244518-3D7E-122C-B497-3B178D360790,116,CHF,note43,2024-01-01T00:00:00.001Z
42B25236-9EEC-837A-C8B9-2E5D7D08A1E9,216,EUR,note44,2024-01-01T00:00:00.001Z
F1653139-A76C-F15A-D09D-A3DF7AC31298,316,BGN,note45,2024-01-01T00:00:00.001Z
45693990-4C3F-5B72-71DA-5CA2893DDF9D,416,BGN,note45,2024-01-01T00:00:00.001Z
8E78CC8C-F81B-F703-E029-A421D68C133C,416,PLN,note43,2024-01-01T00:00:00.001Z
E1DC0258-168B-EEC9-986B-54A96FFE35F2,117,CHF,note44,2024-01-01T00:00:00.001Z
35C3BB9F-DDFD-B673-7E7F-4BE6D758101E,217,EUR,note45,2024-01-01T00:00:00.001Z
1F51AFBA-47C2-8CEB-E9A4-93335F08F8EB,317,BGN,note46,2024-01-01T00:00:00.001Z
9718D378-743D-F725-C2F7-BD9F7BB00748,417,BGN,note46,2024-01-01T00:00:00.001Z
020B4621-D634-5573-2D56-424FA97ED074,417,PLN,note44,2024-01-01T00:00:00.001Z
E67EB5D5-59E9-165A-A951-0760C360B044,118,PLN,note41,2024-01-01T00:00:00.001Z
CCFE76EA-E612-52E9-3A63-0873632E236A,218,CHF,note42,2024-01-01T00:00:00.001Z
D2056C68-618E-881B-640F-37A766984586,318,EUR,note43,2024-01-01T00:00:00.001Z
5B4C68BD-2299-80AE-476E-16905F786E02,418,BGN,note44,2024-01-01T00:00:00.001Z
0BC72C2F-F8EC-5018-FE76-9B0C98E61BAA,418,BGN,note44,2024-01-01T00:00:00.001Z
CE9ED8DC-AF51-B170-7DDF-BD0B17C8DBB6,119,PLN,note42,2024-01-01T00:00:00.001Z
9CBCC894-7E57-1FFD-1E46-9140C531032D,219,CHF,note43,2024-01-01T00:00:00.001Z
ADB90730-B6D9-E08C-7BE6-6C452DBF2320,319,EUR,note44,2024-01-01T00:00:00.001Z
EC60AEFD-3091-9A79-2B5C-E91DDBFF1F6F,419,BGN,note45,2024-01-01T00:00:00.001Z
D7D64633-A87D-1667-749B-2DBB9D12D7A3,419,BGN,note45,2024-01-01T00:00:00.001Z
5805BD80-E287-4916-082C-559797E9D1E2,120,PLN,note43,2024-01-01T00:00:00.001Z
7A2E84A5-CE8F-BA41-84E8-934D8EDEE618,220,CHF,note44,2024-01-01T00:00:00.001Z
8C71AC60-8E13-29D8-7C49-3E56593FCC7A,320,EUR,note45,2024-01-01T00:00:00.001Z
ECCD05A3-E4DD-BDEE-F737-26E3C664E0EA,420,BGN,note46,2024-01-01T00:00:00.001Z
240F24B5-6D79-B9B1-F2F2-0F70D2DF198C,420,BGN,note46,2024-01-01T00:00:00.001Z
C1526187-64E3-F34A-5BE1-5EFF8E66CCF9,121,PLN,note44,2024-01-01T00:00:00.001Z
7B40627B-1DA1-BF3B-F79B-76158ED216FA,221,CHF,note45,2024-01-01T00:00:00.001Z
DE8B045B-647A-F382-D3A4-7302664620A6,321,EUR,note46,2024-01-01T00:00:00.001Z
12BABC31-4ACA-3460-22F0-DF245026A21A,421,BGN,note47,2024-01-01T00:00:00.001Z
9FE72EC3-CC9C-259C-E356-19BFE1A80101,421,BGN,note47,2024-01-01T00:00:00.001Z
BA914E85-A9B6-36E2-856E-1A1FF484CAA1,122,PLN,note45,2024-01-01T00:00:00.001Z
E52D4DED-C9C5-CDD7-4BC7-E67F8F5C6204,222,PLN,note42,2024-01-01T00:00:00.001Z
224D2953-76E9-742D-F5DE-98E06AFD7341,322,CHF,note43,2024-01-01T00:00:00.001Z
FF3DDBAC-5C18-0587-EF3F-2D5FA0BA7F44,422,EUR,note44,2024-01-01T00:00:00.001Z
54F7F4CD-349E-9544-894A-A5BB8E771031,422,BGN,note45,2024-01-01T00:00:00.001Z
5B1F7535-7E5E-5CA8-5981-FB3BFD078834,123,BGN,note45,2024-01-01T00:00:00.001Z
42C06AB7-4C35-0787-03B1-A7FE5AB3E857,223,PLN,note43,2024-01-01T00:00:00.001Z
98F2C0C2-30E9-F7CF-5176-68272293C242,323,CHF,note44,2024-01-01T00:00:00.001Z
1382F53E-34FD-0DF0-31BB-CE7D58881A5B,423,EUR,note45,2024-01-01T00:00:00.001Z
DE8D2CBE-1D36-205A-FF05-694810285B59,423,BGN,note46,2024-01-01T00:00:00.001Z
FDE75DA1-3069-8362-802C-C353A3ADD0B1,124,BGN,note46,2024-01-01T00:00:00.001Z
4787CB8C-2570-2388-00F4-229DF8004E2E,224,PLN,note44,2024-01-01T00:00:00.001Z
8F67C9C2-8C2E-7755-1EA4-36F758F364FA,324,CHF,note45,2024-01-01T00:00:00.001Z
D2FD9D1F-E7B1-57B3-AABB-CD92B341B517,424,EUR,note46,2024-01-01T00:00:00.001Z
90DA58DA-7BF6-5AAD-FBCE-326F8C0E059E,424,BGN,note47,2024-01-01T00:00:00.001Z
CDAD4DE5-8C93-BFAC-7742-828BC96BC8B6,125,BGN,note47,2024-01-01T00:00:00.001Z
166B2BDC-575F-7833-6224-3FE57F54680E,225,PLN,note45,2024-01-01T00:00:00.001Z
99071574-11C1-3035-EA86-00594C081008,325,CHF,note46,2024-01-01T00:00:00.001Z
973FD126-4408-BA40-21F4-5BC7DB4A0274,425,EUR,note47,2024-01-01T00:00:00.001Z
CC63DF77-E88E-FFD1-804A-C171C2734B27,425,BGN,note48,2024-01-01T00:00:00.001Z
6DDCD9A3-79FE-2D46-95F5-E75B46A6122A,111,BGN,note48,2024-01-01T00:00:00.001Z
2D62EA28-4204-86EC-3519-DA6A2A071565,211,PLN,note46,2024-01-01T00:00:00.001Z
271FB138-9A19-1106-6193-64B2194F2A38,311,PLN,note43,2024-01-01T00:00:00.001Z
2B796FDA-96DE-8DD6-AA19-10AEAF96D057,411,CHF,note44,2024-01-01T00:00:00.001Z
B26938CE-C03A-E6EC-6E5B-625C28B6DB7C,411,EUR,note45,2024-01-01T00:00:00.001Z
027FA1B4-153C-7F4F-F362-8FCF7AE98A5B,112,BGN,note46,2024-01-01T00:00:00.001Z
93DFA37C-B1BE-7EE7-B152-7882F4C27603,212,BGN,note46,2024-01-01T00:00:00.001Z
706E14BB-38A4-074A-489A-435DDB3D7908,312,PLN,note44,2024-01-01T00:00:00.001Z
A61D318B-109E-B78F-0AD0-100F23CAA144,412,CHF,note45,2024-01-01T00:00:00.001Z
A828FF52-6DFA-F552-B4E2-C5B796A014CA,412,EUR,note46,2024-01-01T00:00:00.001Z
B9FF7480-B5E7-13A2-7DA0-42BF65B7E274,113,BGN,note47,2024-01-01T00:00:00.001Z
30B943D5-563B-71F0-3ACE-B6B62AF71EB6,213,BGN,note47,2024-01-01T00:00:00.001Z
2A0E131A-4799-C88F-7628-9C21CFF3E4AD,313,PLN,note45,2024-01-01T00:00:00.001Z
0A298280-7F9E-7AD4-7678-FB99676D7AEA,413,CHF,note46,2024-01-01T00:00:00.001Z
ECE38455-1B65-EEE2-453C-F172473DEB97,413,EUR,note47,2024-01-01T00:00:00.001Z
71CA7EEB-AA50-0671-1A6F-D8A7FBD5BA1C,114,BGN,note48,2024-01-01T00:00:00.001Z
44D141AB-02E6-A59C-AF2A-A703B0C07010,214,BGN,note48,2024-01-01T00:00:00.001Z
567CFC0A-63ED-481A-0F0D-18AA61708E4B,314,PLN,note46,2024-01-01T00:00:00.001Z
D44AE7F4-61F3-3613-A7D9-3205C3BD507B,414,CHF,note47,2024-01-01T00:00:00.001Z
A3F810FD-7C7E-FE23-F496-CEE7A6F58DA8,414,EUR,note48,2024-01-01T00:00:00.001Z
0341F3B6-F721-086C-0D12-F68DB8247DDE,115,BGN,note49,2024-01-01T00:00:00.001Z
3DD5F980-5BB2-2FE4-A0B9-371BD9DE43D1,215,BGN,note49,2024-01-01T00:00:00.001Z
4D63E3EC-D25D-D56E-D32F-3BB5770E8C26,315,PLN,note47,2024-01-01T00:00:00.001Z
6BDB6E38-6C66-68D4-FEDA-3FF599686BD3,415,PLN,note44,2024-01-01T00:00:00.001Z
D8FEC4B6-951F-AB5D-E478-AFB90C939233,415,CHF,note45,2024-01-01T00:00:00.001Z
49332DCC-AF02-0C9F-C2ED-5EEA7DD2CC04,116,EUR,note46,2024-01-01T00:00:00.001Z
39AD291B-4D0F-04D1-7DFF-33AE83931E8F,216,BGN,note47,2024-01-01T00:00:00.001Z
A7E10AAD-1C16-72F8-DB9E-D6E5A6F1A6F7,316,BGN,note47,2024-01-01T00:00:00.001Z
3FC70C95-E0A8-4394-773E-75DEDEB662D0,416,PLN,note45,2024-01-01T00:00:00.001Z
F431F550-46FD-4C71-1C30-D34088C4BFB3,416,CHF,note46,2024-01-01T00:00:00.001Z
8CA2E7EA-0484-309F-F67C-FBA6EA1F91E7,117,EUR,note47,2024-01-01T00:00:00.001Z
CEF86130-CC93-3FF8-4D68-ADC6268E9C5D,217,BGN,note48,2024-01-01T00:00:00.001Z
241B9054-E78F-B739-887F-6687AA9F146A,317,BGN,note48,2024-01-01T00:00:00.001Z
345B014D-44DD-3EC7-DA22-0448B64CD58E,417,PLN,note46,2024-01-01T00:00:00.001Z
1022B5E1-A0EB-A51A-E2EB-993DB73AEFB1,417,CHF,note47,2024-01-01T00:00:00.001Z
6D616A37-43F5-EC6C-DA61-FCD3A5891EAD,118,EUR,note48,2024-01-01T00:00:00.001Z
90F4E5F4-35BD-4AB0-12D0-47381CBD4717,218,BGN,note49,2024-01-01T00:00:00.001Z
BDCAA737-C595-CEE3-A1AF-76332EE16C59,318,BGN,note49,2024-01-01T00:00:00.001Z
3B4BE2BB-CC13-10C9-F4A1-9CB9FE7BA345,418,PLN,note47,2024-01-01T00:00:00.001Z
32477860-B488-0B8F-F3CC-13492716250F,418,CHF,note48,2024-01-01T00:00:00.001Z
2A1E4E91-1E26-4455-5038-0DDF8BC5DF4C,119,EUR,note49,2024-01-01T00:00:00.001Z
95C63CDE-3051-33E4-CE05-55282C22C082,219,BGN,note50,2024-01-01T00:00:00.001Z
BBB5181F-FBF8-2B31-B568-B89FC12516DC,319,BGN,note50,2024-01-01T00:00:00.001Z
C5895816-E0B1-5AE7-0B74-8CB57F96566E,419,PLN,note48,2024-01-01T00:00:00.001Z
038AC09A-8518-AB46-70C5-381268E293B3,419,PLN,note45,2024-01-01T00:00:00.001Z
77427135-D6E6-A2B8-8EF3-83628ABE6D12,120,CHF,note46,2024-01-01T00:00:00.001Z
8CE27FA5-571D-6981-586D-A6F912B52637,220,EUR,note47,2024-01-01T00:00:00.001Z
BF8456FD-2949-8381-E3AF-5F98D693067E,320,BGN,note48,2024-01-01T00:00:00.001Z
2538D849-963E-0B24-621E-783FE4B8357D,420,BGN,note48,2024-01-01T00:00:00.001Z
D1A6BFBA-6062-4B67-BC6B-FCEC762B99AD,420,PLN,note46,2024-01-01T00:00:00.001Z
65BB6F49-52AE-7811-A4DC-0788CDB51B42,121,CHF,note47,2024-01-01T00:00:00.001Z
B0E1E97C-CFCA-4980-E2DD-7C7B16F398EE,221,EUR,note48,2024-01-01T00:00:00.001Z
C8205898-842D-DE02-1C3D-C87F3A27BE6A,321,BGN,note49,2024-01-01T00:00:00.001Z
6549AE3C-E5F6-2CF1-8FBA-53F25E01125D,421,BGN,note49,2024-01-01T00:00:00.001Z
ED61F027-5F6B-43E6-3C01-DF2A3A8CE67B,421,PLN,note47,2024-01-01T00:00:00.001Z
E856B91F-CCFF-7B8E-EBBC-3CB814B6D014,122,CHF,note48,2024-01-01T00:00:00.001Z
48D0C208-2F12-F49D-843F-A770BFF1D7F5,222,EUR,note49,2024-01-01T00:00:00.001Z
97AC6D31-196E-EEBE-9CC2-F09FA4236BF0,322,BGN,note50,2024-01-01T00:00:00.001Z
D3FAEC63-33A1-DAC7-B3D6-B68E4E92C416,422,BGN,note50,2024-01-01T00:00:00.001Z
C50E5102-E087-BA6E-BB4C-666B9C1A7BD6,422,PLN,note48,2024-01-01T00:00:00.001Z
C439E8F6-9334-9CC9-B8D9-70B3C941D6E5,123,CHF,note49,2024-01-01T00:00:00.001Z
B1557686-7D3A-6E42-A52A-14D199B8A704,223,EUR,note50,2024-01-01T00:00:00.001Z
53E00C21-4597-A8C0-457D-CA04602601C3,323,BGN,note51,2024-01-01T00:00:00.001Z
5FAC1DC4-7B90-E6F6-5076-8470803C8465,423,BGN,note51,2024-01-01T00:00:00.001Z
773B4E67-63B0-40F5-1978-B28A49E9289C,423,PLN,note49,2024-01-01T00:00:00.001Z
15BFF029-F319-63D5-8E56-C3215BEF1C82,124,PLN,note46,2024-01-01T00:00:00.001Z
E9804419-32BA-F87B-07E9-A513ABCBF0B5,224,CHF,note47,2024-01-01T00:00:00.001Z
3721D3B3-88BB-61AD-6938-31B33905A491,324,EUR,note48,2024-01-01T00:00:00.001Z
2B0E0068-E43D-44EA-A924-B081049F4EB7,424,BGN,note49,2024-01-01T00:00:00.001Z
D13C70D1-9196-C02B-CE72-ABF63C26A3F0,424,BGN,note49,2024-01-01T00:00:00.001Z
E17BDC43-DC8A-8998-8AF9-474A4DCE93AF,125,PLN,note47,2024-01-01T00:00:00.001Z
8288A95D-3424-0ADD-4133-E1F04AF74EA1,225,CHF,note48,2024-01-01T00:00:00.001Z
02D847D0-55F4-7190-F797-D102F6499AAA,325,EUR,note49,2024-01-01T00:00:00.001Z
1E1E166D-3192-9CDE-AA89-18E852E5CB03,425,BGN,note50,2024-01-01T00:00:00.001Z
4D94CA46-AE7B-1F8A-190F-A5F9AD30D226,425,BGN,note50,2024-01-01T00:00:00.001Z
57B698F6-9DB2-4B96-B174-0BC3FFC5979B,126,PLN,note48,2024-01-01T00:00:00.001Z
DA3FFD71-8691-C451-CB66-36A2B54F4739,226,CHF,note49,2024-01-01T00:00:00.001Z
1E0B4FC4-883E-DC83-501F-5D67A51FE09B,326,EUR,note50,2024-01-01T00:00:00.001Z
5247CB45-256E-7D72-FAB2-7DE3C2C5D30D,426,BGN,note51,2024-01-01T00:00:00.001Z
53A738D3-B554-F968-6FD4-5A11431DFF62,426,BGN,note51,2024-01-01T00:00:00.001Z
0EFF5DB7-E6F4-9C4A-A7B9-51F81AE55BF0,112,PLN,note49,2024-01-01T00:00:00.001Z
44C8D6F5-08FE-A521-586A-AAA111974957,212,CHF,note50,2024-01-01T00:00:00.001Z
6A270F11-FED7-05FB-E9B3-F91E5BD7197F,312,EUR,note51,2024-01-01T00:00:00.001Z
FC7D8FDD-5B95-8CA3-658E-E02A191C6F1C,412,BGN,note52,2024-01-01T00:00:00.001Z
B952ACE9-E5AD-7E61-0D60-54303D4BAB5C,412,BGN,note52,2024-01-01T00:00:00.001Z
6B6EFC79-F3EB-2143-4B09-2AB1F8068320,113,PLN,note50,2024-01-01T00:00:00.001Z
1305CD81-B0CE-2977-94CD-3D983DFC8333,213,PLN,note47,2024-01-01T00:00:00.001Z
E1A9C636-7471-6B30-7129-7506EBC35945,313,CHF,note48,2024-01-01T00:00:00.001Z
5F4E268F-0D59-AB08-E651-02F42416B895,413,EUR,note49,2024-01-01T00:00:00.001Z
2E5096F2-A9E4-7C2D-92FF-88C49199E530,413,BGN,note50,2024-01-01T00:00:00.001Z
D34B27B4-1D64-EA59-CAC8-3E7A89F2DE7B,114,BGN,note50,2024-01-01T00:00:00.001Z
F6C2535D-77D8-48D8-A40F-9D09E7888F48,214,PLN,note48,2024-01-01T00:00:00.001Z
F46479D2-134C-B0C7-688A-1E2BC5D5E0A2,314,CHF,note49,2024-01-01T00:00:00.001Z
0626AF59-55C2-B157-8F6E-205CBB735CC9,414,EUR,note50,2024-01-01T00:00:00.001Z
C25FDBAE-D1B8-10D9-C6F8-BC60E948F87E,414,BGN,note51,2024-01-01T00:00:00.001Z
07C9893C-6EEE-8AA0-D244-572DF83EEC26,115,BGN,note51,2024-01-01T00:00:00.001Z
BADD9BF4-687A-535C-8EC0-189890D18645,215,PLN,note49,2024-01-01T00:00:00.001Z
17B99B6A-E552-67A2-687D-D037AD3C7370,315,CHF,note50,2024-01-01T00:00:00.001Z
7500FA03-465C-1090-526A-D14E4DACA05B,415,EUR,note51,2024-01-01T00:00:00.001Z
DF373B8D-B082-BCC9-57D7-48D38DCBA4CC,415,BGN,note52,2024-01-01T00:00:00.001Z
B231D568-1FBE-5F5B-94E3-F90EE23A6904,116,BGN,note52,2024-01-01T00:00:00.001Z
B6ECBC5C-AF95-14C3-3113-EEF1F56D6809,216,PLN,note50,2024-01-01T00:00:00.001Z
FB498334-5568-E595-55AB-4A77F042E179,316,CHF,note51,2024-01-01T00:00:00.001Z
BF18E69C-FA97-5970-9707-AF4C78F6EF32,416,EUR,note52,2024-01-01T00:00:00.001Z
BC91D254-C490-C1AD-1D15-3C23B90C6E69,416,BGN,note53,2024-01-01T00:00:00.001Z
4BB8A599-4185-386D-782A-409D2232B890,117,BGN,note53,2024-01-01T00:00:00.001Z
7A26AF47-68F1-AB19-5E00-68827C59A04D,217,PLN,note51,2024-01-01T00:00:00.001Z
E4FF586A-CBF6-8FCC-738A-0616CC5A216E,317,PLN,note48,2024-01-01T00:00:00.001Z
E37AF42E-B39B-7195-51DD-ADB5E5FF764F,417,CHF,note49,2024-01-01T00:00:00.001Z
DBB94DEC-01D2-26EF-6FCF-5538569F1519,417,EUR,note50,2024-01-01T00:00:00.001Z
DE3C7826-0D9F-8105-DDE6-FD9D8FB103B5,118,BGN,note51,2024-01-01T00:00:00.001Z
CC1DB8BB-026A-B030-8F46-0241E2AA231A,218,BGN,note51,2024-01-01T00:00:00.001Z
B9FC3A47-AB17-5E2C-A3B8-DA8BA85BFC1D,318,PLN,note49,2024-01-01T00:00:00.001Z
6CE68950-6D29-BEF7-843F-4D641D0967F6,418,CHF,note50,2024-01-01T00:00:00.001Z
E367D9B7-EBE9-E060-FB57-30C49034C2C9,418,EUR,note51,2024-01-01T00:00:00.001Z
DC17E33D-A4A5-4B75-6DBE-2BEDF6833E44,119,BGN,note52,2024-01-01T00:00:00.001Z
844E0286-11C4-0C47-F82F-1BC3D5689F1F,219,BGN,note52,2024-01-01T00:00:00.001Z
2DB0AB05-D2C6-771F-951D-68FB9BC1523F,319,PLN,note50,2024-01-01T00:00:00.001Z
F211B679-397F-9B6F-D222-D43C07C8A882,419,CHF,note51,2024-01-01T00:00:00.001Z
1E2D57CF-C702-15D5-BF87-6552416E4905,419,EUR,note52,2024-01-01T00:00:00.001Z